iso3,year,sstran,deficit,debt
AUS,1980,6.35402992911525,-2.278131844,
AUS,1981,6.34254520641419,-2.686287278,
AUS,1982,7.22121912846991,-3.736493816,
AUS,1983,7.42654181465935,-4.924803306,
AUS,1984,7.25043842328972,-4.871284992,
AUS,1985,7.02252036415908,-4.894638821,
AUS,1986,6.86603856603088,-4.129357367,
AUS,1987,6.66118269035251,-2.376925475,
AUS,1988,6.16080156402737,-0.720072317,
AUS,1989,6.15636652063365,0.264842763801984,25.2294875421049
AUS,1990,7.01318463301648,-0.532590012063659,26.3060301373903
AUS,1991,7.95643545643546,-2.88189902432585,31.5525579944076
AUS,1992,8.22346132287626,-4.25468424705066,34.439740920657
AUS,1993,8.45982893893707,-2.83841883374379,39.4109621844401
AUS,1994,8.03656780532665,-2.66266672743922,39.4015422417615
AUS,1995,8.07230669472124,-1.82783940009374,40.3991563818153
AUS,1996,8.06822774918488,-0.813148820777729,37.231612103896
AUS,1997,7.71145882832123,0.374763701807376,36.3083072329918
AUS,1998,7.62969860422929,2.22501627415927,33.6258826872685
AUS,1999,7.74045760056981,2.90612137459478,26.1848617837518
AUS,2000,8.24114152914467,0.887457375726157,23.0704018496572
AUS,2001,8.04247758597441,-0.148724214409146,22.7368812792198
AUS,2002,7.79783042878417,1.71184806278777,20.462989571559
AUS,2003,8.20494185205459,2.57578766814119,17.4267400920827
AUS,2004,7.88715014014925,1.41811568785593,15.2033842641102
AUS,2005,7.6128593366247,2.21287452950637,13.7230761577874
AUS,2006,7.37642822970681,2.47327507567376,12.4244343813112
AUS,2007,7.20268830284776,1.98621650580044,13.3615235038118
AUS,2008,8.75522517501809,-0.142557611306929,15.897235611425
AUS,2009,7.52390897339767,-4.30305509553157,21.8598648703181
AUS,2010,7.36747643206945,-4.23492748446932,24.6024380675797
AUS,2011,7.43094397556402,-3.89926429746126,29.1121197599573
AUS,2012,7.50986651019892,-3.0421157680681,33.288546867157
AUS,2013,7.64825086457917,-1.84738602807225,34.883894243631
AUS,2014,7.744902765421,-1.75800390763898,38.6449264499087
AUS,2015,7.68658687965721,-1.01963667936103,40.486277006074
AUS,2016,7.13382319055787,-1.55723071402733,43.0902850285734
AUS,2017,6.79234220662362,-0.625536782305774,44.1561768291905
AUS,2018,6.50330017834777,-0.555046354825133,44.3572482090181
AUS,2019,7.36638873511793,-1.20232635330553,46.4724467711761
AUS,2020,7.78398156697935,-11.5320951561936,65.7639709248332
AUS,2021,6.71162741398318,-3.98023885602917,62.6721961610805
AUS,2022,5.66287298253212,-1.419870938411,55.0668825350917
AUS,2023,5.82842779419297,-0.712234942127373,55.7102081665026
AUT,1980,16.42090926,-2.19556422288827,35.83927873560032
AUT,1981,16.86494659,-2.20803260577016,37.60037661977201
AUT,1982,17.19825326,-3.83499126302432,39.96690658018421
AUT,1983,17.32162433,-4.737933118996,44.22501171520908
AUT,1984,17.48831294,-3.0901534794608,46.65348423135482
AUT,1985,17.83247148,-3.23128141294197,48.83792535285917
AUT,1986,17.94220575,-4.33613089207707,53.51793414163073
AUT,1987,18.45595294,-4.97103612580247,57.72674419761587
AUT,1988,18.08699805,-3.68863031395906,58.79246347115761
AUT,1989,17.60273045,-3.30414277399623,57.62057451197757
AUT,1990,17.54958369,-2.73351025032358,57.2116391889198
AUT,1991,17.54110214,-3.16503908548478,57.49884244455258
AUT,1992,17.95757946,-2.16937921004179,57.47569664198927
AUT,1993,19.28439217,-4.70404646196383,61.93698018136473
AUT,1994,19.47229411,-5.22222265634016,65.18256799675203
AUT,1995,19.9766938274524,-6.16962475407786,70.3389971140676
AUT,1996,19.9276568648128,-4.57706309091881,70.7248934524332
AUT,1997,19.2830512615296,-2.62261713370848,66.6667312285745
AUT,1998,18.8999072876282,-2.75534312363677,68.4732612571846
AUT,1999,18.9248984637208,-2.63518311683448,72.3523852891466
AUT,2000,18.7738232657774,-2.40409836979065,72.7543373999117
AUT,2001,18.6099902143,-0.712024142432191,73.8305225440329
AUT,2002,18.8878060767981,-1.42447686079628,77.5892184227472
AUT,2003,19.1429736973158,-1.83812426715179,75.5495440558131
AUT,2004,18.8531198236372,-4.94720844371835,74.8418046387366
AUT,2005,18.4203373920163,-2.58892233621784,82.2380164954525
AUT,2006,18.056120332666,-2.60538168732634,79.6334439869578
AUT,2007,17.4493778919433,-1.36900886249765,76.2734521106621
AUT,2008,17.649854454942,-1.57288874164149,81.8296794445671
AUT,2009,19.1019009824568,-5.38508807217291,94.363973561181
AUT,2010,19.2407357322792,-4.46968191760048,99.2716815254395
AUT,2011,18.5621956942377,-2.48132756436739,99.9161366506341
AUT,2012,18.7201112972589,-2.17745962185693,106.236889753136
AUT,2013,19.1415121550169,-1.99395652680129,103.164386632163
AUT,2014,19.2199450340263,-1.9231100943987,110.581968073295
AUT,2015,19.0188074999961,-0.477214050387815,109.450481300125
AUT,2016,18.7778969699739,-1.45176183194029,108.793021631284
AUT,2017,18.3485121751326,-0.774900860132276,102.22869928916
AUT,2018,17.9923370645155,0.195213513444656,97.0080652384555
AUT,2019,17.9421570155642,0.53643150905677,95.307226335114
AUT,2020,20.32294412024,-8.22204896993194,113.303339889711
AUT,2021,19.4350217370597,-5.69640404382381,106.56166561374
AUT,2022,18.2175722472499,-3.30558942570457,85.1013422257052
AUT,2023,18.5220649499225,-2.61605148050676,86.9764430474205
BEL,1980,17.29007,-10.501382,84.6802831936835
BEL,1981,18.54692,-16.205621,98.7928377198081
BEL,1982,18.75918,-12.606818,109.777353051263
BEL,1983,19.36579,-14.667787,121.415747701431
BEL,1984,18.68449,-10.30359,125.85732775196
BEL,1985,17.82813141,-10.147856,131.036547994684
BEL,1986,17.59099718,-10.068159,136.814311847361
BEL,1987,17.22194577,-7.8768966,141.900375184003
BEL,1988,16.54183437,-7.362053,142.106409421776
BEL,1989,15.91923858,-7.5496861,138.639903124834
BEL,1990,15.7779987,-6.7219031,142.921635556947
BEL,1991,16.26293307,-7.2857935,144.729275507304
BEL,1992,16.37327256,-7.9709152,155.208483505171
BEL,1993,16.6912687,-7.3689503,159.888680806907
BEL,1994,16.34872105,-5.0263357,156.563237614277
BEL,1995,15.6472710463392,-4.5083095,153.603317305863
BEL,1996,15.8239110053755,-4.0025275,151.035551803466
BEL,1997,15.596727375765,-2.1512574,145.145731584176
BEL,1998,15.3247861998643,-1.0248736,139.49247669413
BEL,1999,14.9777390391387,-0.6483495,128.040928142576
BEL,2000,14.5222415167699,-0.0792975,121.712177875967
BEL,2001,14.6745284107396,0.23284864,120.068413239573
BEL,2002,15.1747501151851,-0.0436953,119.563090860984
BEL,2003,15.4170942979415,-1.8641523,115.770614672394
BEL,2004,15.1689729488979,-0.2386971,111.470970424133
BEL,2005,15.0554642404663,-2.7149933,109.19498151192
BEL,2006,14.8478786042814,0.2395807,101.350540086864
BEL,2007,14.7847222606207,0.06643988,95.0030397047427
BEL,2008,15.3711046499562,-1.0953452,102.950563337437
BEL,2009,16.7360250581693,-5.4476844,111.011894405767
BEL,2010,16.4349481227962,-4.1331353,109.431222786767
BEL,2011,16.4163313930677,-4.4415061,111.713594409331
BEL,2012,16.8651492814903,-4.348512,121.325093121271
BEL,2013,17.2914043337794,-3.1635549,118.888707559396
BEL,2014,17.0969949251565,-3.1751664,130.955384789002
BEL,2015,17.0198152756186,-2.4753693,127.704517998354
BEL,2016,17.0039659987896,-2.4308518,129.13278522435
BEL,2017,16.9495443465961,-0.7633392,122.976582918947
BEL,2018,16.84970221449,-1.0483321,120.592532880891
BEL,2019,16.6983317582479,-2.0480138,122.241591840566
BEL,2020,19.7399293456897,-9.0346975,139.417640069779
BEL,2021,17.8980726575382,-5.3960185,129.093691572579
BEL,2022,16.8461677144413,-3.6128172,101.761993215787
BEL,2023,17.2139114429386,-4.18753,104.78880065334
BGR,1990,,,
BGR,1991,,,
BGR,1992,,,
BGR,1993,,,
BGR,1994,,,
BGR,1995,7.0,-5.5,
BGR,1996,7.4,-8.100000381469727,
BGR,1997,8.0,1.5,96.2
BGR,1998,8.9,1.3,67.5
BGR,1999,10.9,0.2,75.3
BGR,2000,12.1,0.1,70.7
BGR,2001,11.5,0.7,64.5
BGR,2002,11.6,-1.1,51.0
BGR,2003,11.0,0.0,43.4
BGR,2004,10.8,1.8,35.7
BGR,2005,10.2,1.6,26.6
BGR,2006,9.8,2.7,20.9
BGR,2007,9.1,0.0,16.3
BGR,2008,9.6,1.4,13.0
BGR,2009,11.3,-4.4,13.7
BGR,2010,11.8,-3.7,15.3
BGR,2011,11.0,-1.7,15.2
BGR,2012,11.0,-0.8,16.6
BGR,2013,11.8,-0.7,17.0
BGR,2014,12.2,-5.4,27.0
BGR,2015,11.9,-1.9,25.9
BGR,2016,11.5,0.3,29.1
BGR,2017,11.1,1.6,25.1
BGR,2018,10.9,1.7,22.1
BGR,2019,10.6,2.2,20.1
BGR,2020,11.7,-3.8,24.4
BGR,2021,11.6,-3.9,23.8
BGR,2022,12.0,-2.9,22.5
BGR,2023,12.4,-2.0,22.9
CAN,1980,7.90355927351379,-4.13985203775676,46.5927802276565
CAN,1981,6.90713925040314,-2.89229499562925,48.1470034985793
CAN,1982,8.45301547473988,-6.89832835713237,54.029441864458
CAN,1983,9.03502359274274,-7.99803472927684,59.7812880776308
CAN,1984,8.95546618295792,-7.93985099115558,62.917796808295
CAN,1985,8.94651688808804,-8.75732710433637,68.0936497547615
CAN,1986,9.06461842280159,-7.32164897556159,72.4376239896048
CAN,1987,8.89914614441721,-5.74576554490751,72.8944637430838
CAN,1988,8.66494176048901,-4.51096995664339,72.8775575441671
CAN,1989,8.6225149982355,-4.71828332928814,74.1756399075447
CAN,1990,9.339310798978,-5.91142212592074,77.6919084228491
CAN,1991,10.6900664459875,-8.35939826696097,87.8332452231705
CAN,1992,11.5731951071494,-9.19914926312156,92.6263438914531
CAN,1993,11.9077100598766,-8.93476494470823,104.027377492681
CAN,1994,11.2473673311683,-6.9359775345593,102.043001520256
CAN,1995,10.6186592209672,-5.48964011250317,104.13710091496
CAN,1996,10.2930333064289,-3.05256596040631,110.629842504483
CAN,1997,9.75393802801993,0.0387021653365324,104.777126248448
CAN,1998,9.65798662056588,0.142682776423957,102.20392792287
CAN,1999,9.18727249096413,1.65557624708932,92.9983024564279
CAN,2000,8.66825004904748,2.63970396113812,85.1467039638504
CAN,2001,8.95685002660451,0.529468967089921,85.8129401866072
CAN,2002,8.80083170393753,-0.233895789038062,84.0375339073498
CAN,2003,8.64070605468672,-0.126957864812588,80.5489871663371
CAN,2004,8.41673959801786,0.767669538252837,79.9345826367734
CAN,2005,8.22726665212896,1.55312009791853,77.8082288142151
CAN,2006,8.44091022073975,1.82760436294437,75.2711472106182
CAN,2007,8.51044679433668,1.81965580691923,71.3253988024043
CAN,2008,8.61577957334791,0.184425128889388,74.2430633882927
CAN,2009,9.78487068949059,-3.88135176862462,86.6159581603911
CAN,2010,9.70062087046712,-4.73755858174554,89.5657267977873
CAN,2011,9.26038139570015,-3.30873255346625,92.5796885454462
CAN,2012,9.17293718643981,-2.52451700716013,95.2032644465497
CAN,2013,9.21441852714185,-1.49470599769641,92.1978586377059
CAN,2014,8.96256349948719,0.174896160104426,93.1636604979302
CAN,2015,9.6284190287479,-0.061845591002195,99.6592212479546
CAN,2016,9.97770959277426,-0.453312334765877,99.4562424248409
CAN,2017,9.98598083471259,-0.112162665295115,96.1484433868173
CAN,2018,9.91297930155322,0.35989130799423,95.2518143290057
CAN,2019,10.0174492762894,-0.0172893498037443,96.698598654975
CAN,2020,15.6128702780916,-10.9490674961394,128.842927827493
CAN,2021,12.3450105646383,-2.9190071363219,118.957079173326
CAN,2022,10.0533508246403,0.108591758614206,102.01735406494
CAN,2023,10.2261905167683,-0.572690118735609,103.70974434156
CHE,1980,12.66659,,
CHE,1981,12.42456,,
CHE,1982,13.20798,,
CHE,1983,13.47706,,
CHE,1984,14.06463,,
CHE,1985,13.74644,,
CHE,1986,13.64701,,
CHE,1987,13.55596,,
CHE,1988,13.75135,,
CHE,1989,13.40233,,
CHE,1990,7.524785062,0.147762453305283,32.4558807612802
CHE,1991,8.090128593,-1.52453996664749,34.747100801942
CHE,1992,9.12074339,-2.81791490865485,40.1738441140824
CHE,1993,10.26281937,-3.29784650997234,44.8362148921633
CHE,1994,10.12433994,-2.52251509825766,47.5874728755611
CHE,1995,9.59328408197471,-1.85783142444236,49.7328525434607
CHE,1996,10.0771824276553,-2.01382532934755,52.2599115110088
CHE,1997,10.3571518009659,-2.33269202773538,54.4842133834604
CHE,1998,9.98716053110556,-1.30609263712649,57.447027002545
CHE,1999,9.82314207771791,-1.57224762906567,54.5160383634653
CHE,2000,9.19938848720925,0.281892803748444,53.8394901888496
CHE,2001,9.39657381110765,0.207435172788659,51.982252985136
CHE,2002,9.91366119298252,-1.74530380756073,57.9722492810988
CHE,2003,10.3986509691906,-1.35880081912619,57.0335929419668
CHE,2004,10.3146207396289,-1.39284663216635,58.3265452919858
CHE,2005,10.1940235641985,-0.645934297772823,55.7096896827263
CHE,2006,9.5846910498364,0.846045529702679,49.4616008978337
CHE,2007,9.20725968098565,1.57488922271481,45.9319787586807
CHE,2008,8.91793808493813,1.93464453232247,45.8790500533498
CHE,2009,9.9207667655557,0.497848423795618,44.4070288591249
CHE,2010,9.85009700231433,0.354221686864679,43.0868544568245
CHE,2011,9.70165819832448,0.683494885488491,43.3025874502051
CHE,2012,9.77402798504282,0.235190641936911,43.7800737776548
CHE,2013,9.91280832223812,-0.432233522057328,43.0001909980452
CHE,2014,9.9217663654317,-0.247055664442963,43.037280744405
CHE,2015,10.0338412680318,0.545731524152988,42.9999012369312
CHE,2016,10.1474469875537,0.238364642212447,41.7564931086789
CHE,2017,10.1574961531295,1.12998222945733,42.5086871057681
CHE,2018,9.8882126071663,1.28979023674838,40.3231004502644
CHE,2019,9.97203724786271,1.34022521482396,40.1005512055941
CHE,2020,12.585312681449,-3.061601404063,43.9052267498838
CHE,2021,11.0924918368281,-0.312688029608293,41.3837109970542
CHE,2022,9.65548364405915,1.18542732079604,37.2419155397029
CHE,2023,9.72034756374155,0.532956251751702,39.2457418840753
CZE,1990,,,
CZE,1991,,,
CZE,1992,,,
CZE,1993,,,
CZE,1994,,,
CZE,1995,10.6388378636108,-12.2876328053699,17.9396351112932
CZE,1996,10.895620671145,-2.97852117405184,16.5645406067316
CZE,1997,11.4397381386314,-3.1397321699085,16.9429800642307
CZE,1998,11.4910248773102,-4.14262572745859,17.8154320446375
CZE,1999,11.9715958584645,-3.08756424504938,23.6163607925936
CZE,2000,12.2112347376755,-3.54502881304259,24.1797154181015
CZE,2001,12.0139343889081,-5.75491645896156,28.2164977640362
CZE,2002,12.2990268688902,-6.34645655312803,30.5104504461855
CZE,2003,12.1890923927987,-6.87651456524563,33.4769051747999
CZE,2004,11.6374012760637,-2.40885262503338,33.3047773852461
CZE,2005,11.6925290703067,-3.06403904301513,32.9756602084007
CZE,2006,11.8483326402761,-2.18476302972682,32.6506060937235
CZE,2007,12.1048718971931,-0.677642414028523,31.2829535504948
CZE,2008,12.204239982326,-2.00066486378349,33.6803086038877
CZE,2009,13.3317281311264,-5.4542082584978,40.4362667339585
CZE,2010,13.2771230602298,-4.14803181186879,44.4649145187566
CZE,2011,13.3220685386249,-2.71431448400187,47.4088401516862
CZE,2012,13.4616085039139,-3.91867685331254,56.6523971043112
CZE,2013,13.5372633941239,-1.2987748308066,56.1445712603574
CZE,2014,13.1506437541786,-2.09394084089367,54.9385310977129
CZE,2015,12.6945128705733,-0.66545289754251,51.972539565858
CZE,2016,12.5016570205016,0.685151086876149,47.5862826840555
CZE,2017,12.04778056835,1.45861441466043,43.1813237802324
CZE,2018,12.018485791869,0.880614512725659,39.6837348023803
CZE,2019,12.0332104517862,0.282631447980779,37.2243490446612
CZE,2020,14.0806318392373,-5.64814130293273,46.0328190311753
CZE,2021,13.6172378286728,-4.95250521680649,46.755161423272
CZE,2022,13.2937590923637,-3.06939083349615,45.873138088041
CZE,2023,13.5935970833211,-3.77734534239691,48.6104964838073
DEU,1980,16.61164,-2.936178276,30.2255085992593
DEU,1981,17.29806,-3.897015716,33.64427183526309
DEU,1982,17.74459,-3.44186093,36.48255813953488
DEU,1983,17.10957,-2.864499604,38.22601678574215
DEU,1984,16.50361,-1.980419233,38.99460561525719
DEU,1985,16.22275,-1.146210615,39.48597894054097
DEU,1986,15.93474,-1.147932567,39.55506802917461
DEU,1987,16.17097,-1.810387967,40.9063194724549
DEU,1988,16.05263,-1.977743963,41.39440739023434
DEU,1989,15.71991,0.08081086,39.83154632476069
DEU,1990,15.18673,-1.892614527,40.37577331398457
DEU,1991,15.33819888,-3.19927955776469,36.5425285743899
DEU,1992,15.99793739,-2.63393573145305,39.5102066619293
DEU,1993,17.00984148,-3.11321437176638,44.6296696079531
DEU,1994,17.21972843,-2.54312237977084,45.2588376863448
DEU,1995,17.1756854199892,-9.43352346897488,54.2096515103603
DEU,1996,17.9216099058365,-3.63617614122473,57.2992729098685
DEU,1997,17.9711566811375,-3.02304980290527,58.6131536932734
DEU,1998,17.6765678852401,-2.65163081159273,61.1810077889583
DEU,1999,17.8318826904932,-1.87047902441001,61.2410135283124
DEU,2000,17.3329545561263,-1.71408315472432,62.6767172875531
DEU,2001,17.4417111130342,-3.12063731927783,61.2431328647662
DEU,2002,17.9004749568221,-4.07943976011272,63.9872279243446
DEU,2003,18.2517928784681,-3.82351722414041,66.6604286998161
DEU,2004,17.9289502145623,-3.4315531054322,68.8552565615701
DEU,2005,17.7414638970465,-3.37547782849929,71.1081143223253
DEU,2006,16.868492857084,-1.75456667757159,68.3203559235579
DEU,2007,15.8063818237603,0.154618156791297,65.6527313910213
DEU,2008,15.6454079268481,-0.26326432294788,70.3181751749747
DEU,2009,17.1232970054552,-3.17723793783996,76.8311056913178
DEU,2010,16.4833375381299,-4.42880656765289,86.0736922707425
DEU,2011,15.4767251010805,-0.840874503652998,85.0410779986356
DEU,2012,15.4145865918197,-0.05428982413809,87.3306610794431
DEU,2013,15.3494949917692,0.122282760080668,82.76826302771
DEU,2014,15.1670759119246,0.730207275583002,82.6103839809274
DEU,2015,15.2827443164325,0.915956647270408,78.6993856752269
DEU,2016,15.3114254515646,1.13564069665918,76.0139660269907
DEU,2017,15.297393361372,1.33635277722477,71.8494923352578
DEU,2018,15.2500196728192,1.88209565808591,68.7727887624334
DEU,2019,15.5582933508351,1.3258981371343,67.4305195487371
DEU,2020,17.2607127741606,-4.39002696764463,80.7000084818529
DEU,2021,16.4877898848349,-3.17497367277234,78.1308677268818
DEU,2022,15.5273467632814,-2.1501998474385,64.1530924861569
DEU,2023,15.6967662553308,-2.56792012847004,64.4893704271991
DNK,1980,16.01133,-4.33932612707878,44.4958019426982
DNK,1981,17.16418,-7.90800008952238,54.4047579989737
DNK,1982,17.44071,-9.88050855277676,66.0538638473102
DNK,1983,16.93742,-7.63401405335994,76.8981443928305
DNK,1984,16.5843,-4.31949675716932,78.1345819498917
DNK,1985,15.82368,-2.46930538689829,75.6800870794255
DNK,1986,15.07384,2.97848392049308,73.2376379809838
DNK,1987,15.77478,1.87402743870791,69.9065521640028
DNK,1988,16.97466,1.15246790429767,68.2219231642913
DNK,1989,17.80687,-0.0107766206732654,66.4399822084849
DNK,1990,16.95822746,-1.5812627334994,67.5012733725244
DNK,1991,17.42720129,-3.01069865654813,68.3193218259378
DNK,1992,17.87611888,-2.70583649537957,72.2076384061313
DNK,1993,18.90999102,-4.00688163650046,86.4031211687888
DNK,1994,20.01996018,-3.69345644044055,80.3631655930621
DNK,1995,19.4964223132258,-3.50436179340542,82.5895156200465
DNK,1996,18.9052632156025,-2.39709995646228,80.2569485845304
DNK,1997,18.0072482071324,-1.21939644207631,76.3004636253298
DNK,1998,17.4448087846623,-0.282901561258878,74.0056309644728
DNK,1999,16.8929351495048,1.06383637605391,68.4624075350159
DNK,2000,16.2812093777893,1.79180333091828,61.9597130181902
DNK,2001,16.3493286113424,1.12513765720383,59.856084545875
DNK,2002,16.4737097897373,0.251721726127759,59.9361969945521
DNK,2003,17.1458857085397,0.13927370460188,58.245389129782
DNK,2004,16.8203172851745,2.23485297791589,54.4625437153826
DNK,2005,16.1688866390546,5.20169270882876,47.2593004917902
DNK,2006,15.2137311874166,5.28642568377291,42.7430323363418
DNK,2007,14.8127145999105,5.30782201573692,37.1065653301446
DNK,2008,14.5958422584253,3.46246772704594,44.3819832700727
DNK,2009,16.5379127988066,-2.74623899383955,54.1656136559958
DNK,2010,17.1464350303196,-2.5205530401496,58.6780555558816
DNK,2011,17.259379548402,-1.76545582693494,65.9307815085885
DNK,2012,17.3487457797297,-3.20253492763533,65.822494582827
DNK,2013,17.3802844067468,-0.943708551601992,60.9515035449731
DNK,2014,17.274337187974,1.42794291553555,64.3734259961784
DNK,2015,17.067480566374,-0.895081679848245,58.7931534703836
DNK,2016,16.5984124668834,0.302400138286953,57.8439835251015
DNK,2017,16.1570473497135,1.68903831320603,55.0146582726226
DNK,2018,15.9071666589809,0.810459424643313,53.4283218581868
DNK,2019,15.8796307760657,4.28296707793415,55.1966383747427
DNK,2020,16.6116772723367,0.3625476385287,65.03051592271
DNK,2021,15.1342153951315,4.09800126063443,54.9117446546721
DNK,2022,13.6373739584712,3.44371133751105,40.0678505535207
DNK,2023,14.2552849248334,3.30590091840511,39.8474404416004
ESP,1980,14.15534,-3.51309913234614,26.8525070381876
ESP,1981,15.64247,-4.54202588026708,29.2582984239005
ESP,1982,15.52999,-6.22443555388817,33.4503255763228
ESP,1983,16.13379,-5.39966838242514,38.9039050341262
ESP,1984,15.95696,-6.0651819454098,44.985257509345
ESP,1985,15.9619,-7.53534129636444,48.7552131696965
ESP,1986,15.56495,-6.58465755389752,49.551292237906
ESP,1987,15.31458,-3.73732854682959,48.0162653259276
ESP,1988,15.28386,-3.85582829677221,44.6478353102687
ESP,1989,15.44198,-3.5739345509655,45.1330696926009
ESP,1990,15.87131,-4.84397929524968,46.9808719959683
ESP,1991,16.76452,-5.52345268836166,48.8283199233553
ESP,1992,17.50582,-4.45820852041281,51.3164615304132
ESP,1993,18.41808,-7.62197802347607,64.5817879194497
ESP,1994,17.94373,-7.15679284046173,63.3677173988211
ESP,1995,13.1278258545732,-6.79334896221475,68.2672147638612
ESP,1996,12.9934594004246,-5.86588294003837,74.6832983601461
ESP,1997,12.6249828988518,-3.8591751754915,73.7285898441339
ESP,1998,12.1267048144302,-2.62690371319698,73.698023072257
ESP,1999,11.8414023204008,-1.2401678644988,68.3044879225592
ESP,2000,11.6293398850161,-1.16126621255804,65.4926347617011
ESP,2001,11.4013963746758,-0.454948798644139,60.9180578579601
ESP,2002,11.4925894705393,-0.314240594122796,59.5655317014874
ESP,2003,11.4613116261339,-0.374867787158814,54.9179439454928
ESP,2004,11.5086290591692,-0.109411098540921,53.0265946871087
ESP,2005,11.4047506685543,1.23054943207897,50.4383044470447
ESP,2006,11.2664382034994,2.12164270589546,46.0426915667638
ESP,2007,11.4223959923567,1.88271258355831,42.2741222839781
ESP,2008,12.2508162296662,-4.56036863376818,47.5608396737958
ESP,2009,14.3872729475578,-11.2373833866112,62.6517488513406
ESP,2010,15.0275960989468,-9.48739491897563,67.3082082727952
ESP,2011,15.2324808878159,-9.69177216966567,78.1887170273887
ESP,2012,16.206258132522,-11.4959593190497,96.6997887957498
ESP,2013,16.6145047247994,-7.48840737404112,110.757839891113
ESP,2014,16.4309316434204,-6.03648494776934,123.351579336426
ESP,2015,15.6606678980639,-5.26606274238535,120.303979718741
ESP,2016,15.4687537567889,-4.22105012881058,120.186078486723
ESP,2017,15.1574668553807,-3.06856953361638,118.478253437536
ESP,2018,15.2835657886488,-2.55247154938314,116.804506564512
ESP,2019,15.7043494907116,-3.06466407701938,119.744996849351
ESP,2020,20.1928952350927,-9.90928203157236,146.686190571495
ESP,2021,18.4130139525397,-6.65121240916442,139.300624699508
ESP,2022,16.6336761964111,-4.59403521620467,113.694381816342
ESP,2023,16.8145207578601,-3.51519431044287,111.056620597414
EST,1992,,,
EST,1993,,,
EST,1994,,,
EST,1995,9.21849752192337,1.04559533523203,12.9073323824128
EST,1996,9.76366654366992,-0.348259205953229,12.1292151573398
EST,1997,9.28055490244889,2.12108237016529,11.0650891446704
EST,1998,9.5501730729576,-0.754542650533121,9.92664551935131
EST,1999,10.6789637588987,-3.30026195829294,10.7517502811651
EST,2000,9.72350177755302,-0.0648350673688207,6.79957769030519
EST,2001,9.26939227426165,0.267897301870179,6.79914756511151
EST,2002,8.98546904451549,0.446031874869171,7.53653285416474
EST,2003,8.97137054801609,1.80943871588238,8.35222280287589
EST,2004,9.2702993512089,2.41345383674607,8.34640007498164
EST,2005,8.93134032066788,1.16534067923165,8.25265863301445
EST,2006,8.7206972481567,2.84971965412622,8.19801566562377
EST,2007,8.47571122017085,2.6930722964996,7.31604745612214
EST,2008,10.5825156326339,-2.64526887761458,8.5944147694187
EST,2009,14.4460915509394,-2.72818257551914,13.4048473386777
EST,2010,13.3579657958027,-0.421329990194072,13.1982806751131
EST,2011,11.6743324074376,0.621821854167397,10.8738184757573
EST,2012,11.0794981221536,-0.392622082504797,14.3754981081616
EST,2013,10.9459619384176,-0.217080044733742,14.2354413950387
EST,2014,10.8585169834645,0.861687955820497,14.6943833788745
EST,2015,11.6848958434818,0.249487115909229,13.9155723982424
EST,2016,11.9207934540153,-0.0870070948335208,14.4395712306596
EST,2017,11.6766165404265,-0.526630250644605,14.0086117180856
EST,2018,11.8978130944217,-0.577694767859031,13.7582270648339
EST,2019,11.9991304356192,-0.109015197428899,14.4202489863504
EST,2020,13.6234634935676,-5.42708832713931,25.8874016689961
EST,2021,12.4436359694338,-2.57401643661414,25.7662803458249
EST,2022,11.413226709021,-1.07623623829556,26.7967982488592
EST,2023,12.4759816178886,-2.85111697479451,29.6591105131851
FIN,1980,10.7308377896613,3.43056575715832,13.4531091855235
FIN,1981,10.9692335986968,4.77846922680215,13.8222334705858
FIN,1982,11.9344737334081,2.82277783654433,16.1321469049656
FIN,1983,12.7325289089995,1.38155101444969,17.642145056543
FIN,1984,12.8644137569702,3.06632265952766,17.051637097654
FIN,1985,13.6006869901245,3.32174666362108,18.1074524022269
FIN,1986,13.9559001850788,3.92385759561187,19.0833608553041
FIN,1987,14.1740774662452,1.63913996482294,19.593347077217
FIN,1988,13.4742989740448,5.09107002560435,18.4990840133276
FIN,1989,13.1270669337184,6.73526075410272,16.2692060850351
FIN,1990,14.3694208697946,5.30869354909635,16.1103953424848
FIN,1991,17.944381162772,-0.899750325037681,24.341849375693
FIN,1992,21.6521595546435,-5.32163328851461,43.7443710309665
FIN,1993,23.142156290153,-7.98037612428455,56.6777005459481
FIN,1994,23.0037729188271,-6.38969176797652,59.2285549727571
FIN,1995,21.3216324374835,-5.83216527515381,63.7379263975859
FIN,1996,20.6997656334271,-3.14384616138933,64.43398904781
FIN,1997,19.0883319490087,-1.1763749954859,62.7409379121938
FIN,1998,17.6325032591276,1.67564829653494,59.2970248524051
FIN,1999,17.0488935123889,1.68416241094508,52.9734884307421
FIN,2000,15.6467672635021,6.88853694660743,53.5370199287317
FIN,2001,15.2634963661635,4.97949700234418,50.6849315068493
FIN,2002,15.7700080840744,4.08380490433845,50.4298032875236
FIN,2003,16.0367533648839,2.44077672462661,51.8317360296347
FIN,2004,15.8698760874632,2.2149287203684,51.7679742473589
FIN,2005,15.7221284296698,2.65932250737857,48.5728687160677
FIN,2006,15.3070964532196,3.98817547046471,45.9797178079497
FIN,2007,14.4767159024693,5.11175618387782,42.0567842231595
FIN,2008,14.6309194709992,4.17960082984562,40.8565118685426
FIN,2009,17.183261342064,-2.48163534817178,51.9349602443118
FIN,2010,17.3141214050716,-2.57458264016965,58.8646111816824
FIN,2011,17.0843135766867,-1.01287597075713,60.5686676279376
FIN,2012,17.9475790755472,-2.15093473335392,67.7599337252593
FIN,2013,18.8336928799933,-2.52190449982065,69.5076585895617
FIN,2014,19.5030482621263,-2.99482645551479,76.0491608170803
FIN,2015,19.7148321534597,-2.42682880414098,79.6995128263683
FIN,2016,19.5283635503924,-1.7013030961862,81.1113634993993
FIN,2017,18.9256183635506,-0.629266686247803,79.0339376785664
FIN,2018,18.4894676699511,-0.871908755740479,78.6783381125896
FIN,2019,18.2837353994248,-0.93410140953723,78.7806371007644
FIN,2020,19.5848333453193,-5.53414527871668,91.4149255246697
FIN,2021,18.7334180186844,-2.65231303564826,85.8874274412695
FIN,2022,17.6684765250719,-0.173603282680237,81.2076325322032
FIN,2023,18.2198025742908,-2.98953607493051,85.2228157471094
FRA,1980,15.1096797042743,-0.428612354219766,33.3398039916683
FRA,1981,15.9626263517554,-2.4081729600894,32.392045478366
FRA,1982,16.5644747597651,-2.83853364056795,36.779414084215
FRA,1983,16.7036119241459,-2.5423640170582,37.8685476698603
FRA,1984,16.8917867700098,-2.73593593293448,39.7616011878659
FRA,1985,17.1016076516882,-2.97024009858424,41.5347181995347
FRA,1986,16.9183251575014,-3.1965597035395,42.392572195628
FRA,1987,16.6575738069564,-2.01349327770946,43.961869705417
FRA,1988,16.3735996498111,-2.5667191744611,43.6497270710447
FRA,1989,16.0802951697938,-1.78090169083944,43.4648382716766
FRA,1990,16.1786006496157,-2.43274424612773,43.0038540759951
FRA,1991,16.6186836187432,-2.86066442720403,44.0078510315174
FRA,1992,17.010158419711,-4.60173084645265,48.80094650054
FRA,1993,17.7845741118045,-6.36191551078364,56.5049981619896
FRA,1994,17.7351345533013,-5.42584482285635,60.7353675750964
FRA,1995,17.7193833197232,-5.10644493936917,69.0256181981576
FRA,1996,17.8089321370611,-3.89471725662608,73.9638744612638
FRA,1997,17.8571063029186,-3.71016912498225,76.5670550828572
FRA,1998,17.5000534792088,-2.39019088296458,78.4685560202264
FRA,1999,17.3505678250623,-1.54544128785748,75.1862785317852
FRA,2000,16.8068471269391,-1.3109848714371,73.3280439009334
FRA,2001,16.9221373989924,-1.41624380034978,72.5655644420447
FRA,2002,17.2180742384484,-3.1714581485142,76.2377766275578
FRA,2003,17.4318910631784,-4.08162737758474,80.091528110526
FRA,2004,17.423068122384,-3.56181686577268,81.833220650384
FRA,2005,17.5207685921329,-3.5104221675525,83.1854076078668
FRA,2006,17.5488488537074,-2.65476813512044,78.2802342911636
FRA,2007,17.448384089325,-2.98742619957881,77.3962210017933
FRA,2008,17.57383179505,-3.50332715061576,83.6334331646923
FRA,2009,19.094256850333,-7.37434983790604,98.0605829433978
FRA,2010,19.0908047497812,-7.15948878941624,101.4223090113
FRA,2011,19.0339226980264,-5.30708027790081,103.605464960161
FRA,2012,19.4651673067687,-5.17206135098377,111.590248704101
FRA,2013,19.7422654230178,-4.93235451653131,112.859573226541
FRA,2014,19.827312864347,-4.56726842582672,120.790720169634
FRA,2015,19.7090299198474,-3.88983999996374,121.479220606469
FRA,2016,19.7380280624882,-3.76744070930032,124.998385866793
FRA,2017,19.5361918906235,-3.35823144483613,124.77910558118
FRA,2018,19.4091245730806,-2.31723106327321,122.715976973046
FRA,2019,19.3470555217591,-2.39119391112188,122.739247728026
FRA,2020,22.337178805528,-8.93716578319014,144.670296669363
FRA,2021,20.171629362965,-6.59121769102299,136.83781129617
FRA,2022,19.2498366557645,-4.73900552609429,115.470626071516
FRA,2023,18.817606490464,-5.47856689980383,116.781525175702
GBR,1980,11.87932,-3.32292970753934,43.8089010270416
GBR,1981,13.35305,-4.4004692348607,44.1260596870908
GBR,1982,14.16342,-2.6740564357734,42.6532898566144
GBR,1983,14.09729,-3.36574956983824,41.6724776360692
GBR,1984,14.12313,-3.61055989800611,41.5251905165114
GBR,1985,14.08528,-2.8222757228341,40.6427417215349
GBR,1986,14.18756,-2.57683850028876,41.5497089117779
GBR,1987,13.30553,-1.77714171844713,41.7524642266948
GBR,1988,12.31046,-0.0516481519139509,36.5841675919544
GBR,1989,11.67031,-0.0543415480182418,31.4362601300618
GBR,1990,10.8607978586035,-2.01104059797524,28.2620524540211
GBR,1991,12.7597744326091,-3.03109292744984,28.7219996486675
GBR,1992,14.1144353362989,-5.49219154053914,33.9772655751881
GBR,1993,14.52551382299,-6.75737638906028,42.115982879893
GBR,1994,14.2158573046554,-5.93640308142389,40.7033105819727
GBR,1995,12.9512998256725,-5.05326673279763,45.0578450304926
GBR,1996,12.5005357184066,-3.68420416420786,44.738476010255
GBR,1997,12.2846009827933,-2.24164966619642,44.132032032557
GBR,1998,11.7688414933986,-0.465197330798867,41.9695122989361
GBR,1999,11.3880879714124,0.581453307363158,40.4097587534316
GBR,2000,11.1411108042502,1.31092198787738,37.6856912365365
GBR,2001,11.456329315482,0.107404450610094,34.9577493052738
GBR,2002,11.5656781421458,-2.01420299318723,35.4344620244931
GBR,2003,11.8234904246408,-3.25414397131445,36.7636891318203
GBR,2004,12.0670297292454,-3.20027339322883,39.8015479681878
GBR,2005,11.9285876165059,-2.9206812659026,41.0004225204093
GBR,2006,11.7286374400661,-2.8401440723677,42.0582892561197
GBR,2007,11.9106948752361,-2.73824853347421,43.1738978154738
GBR,2008,12.3569277108434,-5.2347515060241,50.8273719879518
GBR,2009,14.1062576107211,-10.1816113357292,64.9150117316481
GBR,2010,14.1935640292859,-9.30183836031514,75.8602296598247
GBR,2011,14.1933369020624,-7.42834974347253,81.4250657107284
GBR,2012,14.395509171595,-8.03260752225428,84.482600665805
GBR,2013,14.0778315007458,-5.34798954282708,85.3160589010313
GBR,2014,13.746420161137,-5.49182449098369,87.0943251970187
GBR,2015,13.6317077765098,-4.56536587682128,87.866686912423
GBR,2016,13.2724456416681,-3.29837897818135,87.8251897300976
GBR,2017,12.7784537873557,-2.46268635215094,86.7228144108808
GBR,2018,12.6712583352538,-2.23244485909053,86.3451445520707
GBR,2019,12.4551405354084,-2.45845757302967,85.6571919955988
GBR,2020,14.2331349008265,-13.047246332992,105.840114933021
GBR,2021,13.4737026341122,-7.77207491030017,105.135468626936
GBR,2022,12.8412129694573,-4.5934418079597,99.6196606434063
GBR,2023,13.1073631372087,-5.7289095079501,100.031176138196
GRC,1980,9.20667,-2.337301227,22.77315326572788
GRC,1981,10.97238,-7.76070658,26.97414485305926
GRC,1982,13.01555,-6.538323599,29.63483146067417
GRC,1983,13.37402,-6.748020095,33.95920169078894
GRC,1984,14.0072,-7.555769078,40.50292548614696
GRC,1985,14.84719,-10.37320709,47.13257876271575
GRC,1986,14.87947,-8.58791857,47.66007671879611
GRC,1987,14.92507,-8.560954224,52.98759724441419
GRC,1988,14.57133,-10.33987116,62.66346640260898
GRC,1989,14.86142,-12.14489149,65.68556420938236
GRC,1990,14.75358,-14.04010729,79.58162939896451
GRC,1991,14.58217,-9.8634605,82.18660611215749
GRC,1992,14.50903,-10.93276636,87.80665633047774
GRC,1993,14.7862,-11.93952797,110.1202716579537
GRC,1994,14.79582,-8.262472678,107.9317490533421
GRC,1995,11.1616921319481,-9.86823465825135,99.2243584993658
GRC,1996,11.2910154490081,-8.35054403704995,101.314768621584
GRC,1997,11.3262270944695,-6.24768421090498,106.795469507128
GRC,1998,11.7527851910005,-6.48463656469524,105.649776770598
GRC,1999,12.1452067020807,-6.02403083905867,107.106428948923
GRC,2000,12.760612969606001,-4.21485709585403,117.174789881405
GRC,2001,13.0189678258195,-5.64234492029569,121.102939730206
GRC,2002,12.9595389508623,-6.1968895352679,121.151109832897
GRC,2003,13.4730257114851,-8.04670986122598,115.395988420182
GRC,2004,13.1473352699969,-9.05268886192651,119.768116494411
GRC,2005,13.9084714025196,-6.32991979397598,120.229251016823
GRC,2006,14.2030610561734,-6.04482804158118,118.574010412559
GRC,2007,14.7760777766381,-6.80687779458381,116.199819611414
GRC,2008,16.2409929300234,-10.3147668925513,120.393163309673
GRC,2009,17.7464737134384,-15.4236083075213,137.792684103027
GRC,2010,17.9408342439212,-11.4244567635924,131.254592659348
GRC,2011,19.8510884545278,-10.499569971741,114.530925175083
GRC,2012,20.8919712991827,-9.31203576992259,171.431829722774
GRC,2013,19.2607093619858,-13.5969174780856,187.036441288412
GRC,2014,19.9691213049523,-3.77232469935559,188.016934000788
GRC,2015,20.001952697418,-5.9054680322919,187.537785928494
GRC,2016,20.1446636018596,0.210950872522598,191.468298325807
GRC,2017,19.353534039802,0.723312013575514,194.7259673523
GRC,2018,19.0315727316765,0.901361288082927,200.34199684745
GRC,2019,18.6476798241609,0.82351772210137,202.947545431177
GRC,2020,20.4298068853611,-9.56132732877917,239.144142127677
GRC,2021,19.2702587190754,-6.92673856532806,223.630987145577
GRC,2022,17.8798420758786,-2.45556741215721,192.469096126035
GRC,2023,17.2249269728189,-1.31529341656121,180.671403558397
HUN,1990,,,
HUN,1991,,-2.397976399,78.23037719726562
HUN,1992,,-5.738077479,80.10309600830078
HUN,1993,,-5.307867236,90.87667846679688
HUN,1994,,-8.923234752,90.67198181152344
HUN,1995,14.8056282686748,-8.57090087000716,87.2227603600256
HUN,1996,13.1741833146361,-4.36006613493879,75.6642728653718
HUN,1997,12.3597227775556,-5.53878787468063,66.9880070570642
HUN,1998,12.8533296314217,-7.41251963174775,65.3815048404502
HUN,1999,13.0226615987324,-5.26730859890467,67.380634434184
HUN,2000,12.5709251769695,-3.03768486009789,61.9835579298833
HUN,2001,12.4071119746796,-3.99567976403368,60.1376288543077
HUN,2002,13.0807341314812,-8.79413023237306,60.9197324711944
HUN,2003,13.6693667674353,-7.19105073774153,61.8911252008434
HUN,2004,13.6770403531222,-6.59728409718238,65.2823377548845
HUN,2005,14.1921057764763,-7.78660550887102,68.0169378315466
HUN,2006,14.6141331025733,-9.2687021093581,71.4858048588129
HUN,2007,15.0422665796822,-5.08530462461745,72.5813825885462
HUN,2008,15.4784039430711,-3.78489643647684,76.4585190518819
HUN,2009,15.9970643574456,-4.75927731054338,85.8145671344049
HUN,2010,15.4523515441924,-4.43619637800253,86.8218161337133
HUN,2011,15.1912613012155,-5.21983170895142,95.8288741975486
HUN,2012,15.0310280096682,-2.33058716403323,99.1142595161628
HUN,2013,14.6761115057062,-2.5982156086686,98.0481551407122
HUN,2014,13.683072687322,-2.77297492260128,100.832677110785
HUN,2015,12.7946321190473,-2.00287525237779,98.9619307038165
HUN,2016,12.4805180849618,-1.79164770363596,98.6149602490996
HUN,2017,11.8810342575105,-2.45493248678579,93.2153146808862
HUN,2018,11.2609296545639,-2.04647019202651,86.674082444444
HUN,2019,10.6510287252764,-2.02429403316978,83.6448584094749
HUN,2020,11.0177413160029,-7.48686161952176,96.5948800033175
HUN,2021,10.7143159277935,-7.10735567980594,88.3829821149765
HUN,2022,10.3808249201534,-6.19574713323968,77.4477301114712
HUN,2023,10.7952519354487,-6.70575593419838,82.3919622403972
IRL,1980,12.60269,-11.20289297,69.47341265371104
IRL,1981,13.60771,-12.25882823,73.92073034300243
IRL,1982,15.6012,-13.28937197,79.54512654070639
IRL,1983,16.28505,-11.60157864,92.94301401400196
IRL,1984,16.1112,-9.535407969,97.05424747772744
IRL,1985,16.49185,-10.811504,99.97539351435093
IRL,1986,17.1803,-10.63507127,111.104268707074
IRL,1987,16.73998,-8.579541539,112.3989164511382
IRL,1988,16.08275,-4.64136534,107.1420590764447
IRL,1989,14.20971,-2.649669945,97.89533326711991
IRL,1990,12.39677686,-2.80625135944592,93.24354596860455
IRL,1991,13.08160193,-2.85536391930233,94.61617855024804
IRL,1992,13.53793359,-2.95836979682496,91.61580487208029
IRL,1993,13.43409819,-2.73260163323579,94.18255601469987
IRL,1994,13.21473047,-1.96506148296677,88.73311772992261
IRL,1995,10.661129125684,-2.07491157313757,81.16851666183742
IRL,1996,10.2612628568578,-0.197901903967264,72.77609811330366
IRL,1997,10.3369231412958,1.37659054309093,71.7569572971427
IRL,1998,9.24844551962409,2.06807363619149,61.1066785663654
IRL,1999,8.12852374195086,3.53671697543933,50.4217088043567
IRL,2000,7.34511156602714,4.84766980946034,38.681051704501
IRL,2001,7.87989606176598,0.959225840038657,35.5067534907479
IRL,2002,8.28365770795892,-0.519571819686103,34.2003019325166
IRL,2003,8.30255609952469,0.346884459263747,32.9474825376323
IRL,2004,8.52956879229613,1.29680753401934,31.4143090964269
IRL,2005,8.87081612756844,1.57096948999718,31.3385064577217
IRL,2006,9.11926380620745,2.77235061551805,27.6298898262568
IRL,2007,9.71941884020907,0.267786395977723,27.5318205466713
IRL,2008,11.6477213518652,-7.03774990223794,47.4166462103974
IRL,2009,14.3389222985973,-13.8635059726641,67.4341204764861
IRL,2010,14.2710699064987,-32.1477158306612,83.4808208076008
IRL,2011,13.8123103998304,-13.4656064685357,111.613231041647
IRL,2012,13.7266677842546,-8.40742778711317,129.799066735403
IRL,2013,12.8635570477407,-6.28617562163726,131.875098495848
IRL,2014,11.4416876445037,-3.52973928713184,123.341162495802
IRL,2015,8.43749029795731,-1.97269030848738,89.7785248060747
IRL,2016,8.22929652665533,-0.762310459653013,87.7316643635759
IRL,2017,7.44483078095175,-0.297315355908666,76.7978040215303
IRL,2018,6.95075566576945,0.0938472708830069,74.6181949944209
IRL,2019,6.61596316736188,0.409955910272895,69.0779153354305
IRL,2020,7.83933530769412,-4.87018433149804,71.3258548187856
IRL,2021,6.52611758828939,-1.40268464531381,63.098229716397
IRL,2022,5.42303388620071,1.65150420463632,45.3299413325746
IRL,2023,5.7724866618365,1.47719329688398,46.2006802365922
ISL,1980,4.59144,2.18256388020049,26.83642139899746
ISL,1981,4.6407,2.10111695513412,24.20889822324245
ISL,1982,4.62837,2.57889769145579,31.31931979081312
ISL,1983,4.34482,-1.01710269323429,33.1325992163825
ISL,1984,4.61951,3.032710223934,34.93317119653791
ISL,1985,4.69814,-0.776555542303933,34.45029156945472
ISL,1986,4.55288,-2.67115680193822,32.06045359539845
ISL,1987,4.82608,0.00808735512806115,29.37385498495264
ISL,1988,5.93038,-1.02476917825699,31.42011901142287
ISL,1989,5.77887,-3.26302537940573,36.35873486993484
ISL,1990,6.99235,-2.29092021389959,36.22200221621213
ISL,1991,7.2684,-1.8772336712811,38.39127139648218
ISL,1992,7.64632,-1.79101178827996,46.24270480492373
ISL,1993,8.01376,-3.51533565431902,53.13735207732605
ISL,1994,7.73387,-3.64885681090815,55.66172684889574
ISL,1995,6.934385538,-2.90004046919075,58.94347189836932
ISL,1996,6.613003564,-1.53043353417162,56.29575943637132
ISL,1997,6.413941348,0.0128057668779267,53.07603912704075
ISL,1998,5.65206332057818,-0.565309413281317,47.0825584213801
ISL,1999,5.45250241862531,1.3190669495389,42.975519707838
ISL,2000,5.39520252438012,1.44593423834869,40.0023358562132
ISL,2001,5.34354822270183,-0.280550354156069,44.3240023528647
ISL,2002,5.99143162757524,-2.27402317652608,40.3386430494948
ISL,2003,6.85136181885413,-2.32381999854895,39.4191977668991
ISL,2004,6.54229638908566,0.286478610886617,34.5222363659426
ISL,2005,5.99620833014955,5.00645609244744,26.320591735448
ISL,2006,5.43766720395328,6.44941539327854,31.2927450096558
ISL,2007,5.43476565676597,5.59867264352294,29.7020966781584
ISL,2008,5.64774033916538,-12.1383938728335,68.7872804608901
ISL,2009,7.52360720891164,-8.57947156648054,83.6281145266816
ISL,2010,7.19561385880469,-6.66349512461494,87.5327566629413
ISL,2011,7.8327003355216,-6.53001268334053,93.9831360831153
ISL,2012,7.30768054015148,-2.54738214373608,91.8922656868174
ISL,2013,6.77800014115293,-1.18098218337731,83.7394401328491
ISL,2014,6.68008427146662,0.361567582700483,76.1334663019424
ISL,2015,6.13034622234636,-0.296952920880221,68.6904481619775
ISL,2016,5.8810802563448,12.600526373099,62.8978003565505
ISL,2017,6.48622305390838,1.04205840365826,61.467325540652
ISL,2018,6.62750322061486,1.01587495892493,59.9917693846598
ISL,2019,7.3482382066549,-1.55120059961307,61.242571554938
ISL,2020,10.0568589156165,-8.82969054090527,70.2789030321247
ISL,2021,9.34138735194023,-8.28844880750669,76.9348932831674
ISL,2022,7.28794091026492,-3.9258281992415,77.4084590663136
ISL,2023,6.79651600333708,-1.91372568780828,77.0970372573021
ITA,1980,12.30683937,-6.69738333906651,83.9570405898983
ITA,1981,13.82738727,-10.4721814383732,88.1888094334762
ITA,1982,14.03675318,-9.64983813525903,91.8832370134723
ITA,1983,14.87727159,-9.72843525523214,76.8866162322881
ITA,1984,14.49308964,-11.0493545239564,79.6522582989601
ITA,1985,14.80441744,-11.9130864474075,85.9793063202292
ITA,1986,14.78115047,-11.4901097486976,89.7416123185633
ITA,1987,14.64002962,-11.0891877400387,93.3178102004691
ITA,1988,14.61308473,-10.6276039735162,95.5304898277042
ITA,1989,15.03514374,-10.9870410117945,92.3620788018438
ITA,1990,14.96654325,-11.0122006243152,94.3287689406872
ITA,1991,15.06697738,-10.956549831156,97.0384729051377
ITA,1992,16.0009773,-9.9892760237611,103.288898210661
ITA,1993,16.50712063,-9.65917225482124,112.343593787509
ITA,1994,16.73557319,-8.73652256879899,116.869980831571
ITA,1995,15.5578746495909,-7.19100357578535,118.411684072264
ITA,1996,15.8198737975848,-6.6129831776665,124.71315691198
ITA,1997,16.2331625957135,-2.98094976089928,126.415396267113
ITA,1998,15.9430375354609,-2.99147354981523,127.972862979854
ITA,1999,16.1712070411975,-1.77886354640597,122.474729633681
ITA,2000,15.7239535641138,-2.41824456509087,118.057039552957
ITA,2001,15.5207408458555,-3.1831179506364,117.038257292437
ITA,2002,15.8077812515515,-2.8825227967117,115.948069102569
ITA,2003,16.0331030894978,-3.22662973317823,113.646949231486
ITA,2004,16.0973000286409,-3.46887588627826,115.90638257895
ITA,2005,16.1596522544498,-4.09256361075484,118.248843720889
ITA,2006,16.1619197363463,-3.59709262302437,115.097817701981
ITA,2007,16.3041645123109,-1.32526877015206,110.707799406708
ITA,2008,16.8684570621204,-2.58365112674088,113.622739001112
ITA,2009,18.4095542042999,-5.05687333195497,126.379030336126
ITA,2010,18.4613849904759,-4.16366482154971,125.033316615762
ITA,2011,18.3712407583569,-3.52077763304434,118.475867104206
ITA,2012,19.0916949216378,-2.98393723632321,137.123270272793
ITA,2013,19.7363693575006,-2.87328595613363,144.466652613846
ITA,2014,19.9899661996514,-2.81507267585091,157.080835513717
ITA,2015,20.0161404196064,-2.4595473848322,157.753307914443
ITA,2016,19.7301040022895,-2.40224994415689,154.689520503973
ITA,2017,19.5703852064755,-2.50430386995541,151.545888520341
ITA,2018,19.6020305281232,-2.19118887684865,146.816289944086
ITA,2019,20.0215978698793,-1.4497606213073,154.178642251326
ITA,2020,23.9025242874018,-9.38529822966024,183.341234959446
ITA,2021,21.5942687665732,-8.87087415713642,170.436720209486
ITA,2022,20.3749030635062,-8.09519660618497,145.023637272665
ITA,2023,19.9476372524943,-7.17464880696539,148.091543887092
JPN,1980,10.06579,-4.65437209362373,46.1176489731696
JPN,1981,10.53322,-4.00543816983329,51.7099518768428
JPN,1982,10.96546,-3.88371313125415,57.5141957579435
JPN,1983,11.23435,-3.96065857790994,63.5650715761251
JPN,1984,10.96442,-2.58902492244542,65.6145910309338
JPN,1985,7.21824304037561,-1.265841103694,67.9048382469816
JPN,1986,7.40980650958203,-1.24069248683113,73.4778391103605
JPN,1987,7.65078484864057,-0.257367097492119,75.1706462707183
JPN,1988,7.43882551716657,0.607770793297771,71.2134502432528
JPN,1989,7.16103639354319,1.39539022084939,65.228898610151
JPN,1990,7.34268182239075,2.11072969095884,62.5313375553805
JPN,1991,6.9762205334307,1.92887298420553,61.8618211049949
JPN,1992,7.24208519938733,0.628719073263846,66.1483607870126
JPN,1993,7.62034335321156,-2.44243928664964,72.2781219805896
JPN,1994,7.90592471831193,-3.76190850867519,77.375356759536
JPN,1995,8.4233244549756,-4.29561269108014,84.2859877503194
JPN,1996,8.59171910172936,-4.86922149069576,91.1143434373611
JPN,1997,8.71738306489146,-3.52631142243342,99.7810992018512
JPN,1998,9.33821144621034,-10.0468520443902,110.009405450986
JPN,1999,9.85858279369194,-6.74865202504442,121.651716941261
JPN,2000,10.0380888871455,-7.28182738788287,130.700618283516
JPN,2001,10.3585806316849,-6.20044355924034,135.949181412946
JPN,2002,10.923655756721,-7.3359890496983,143.19299334749
JPN,2003,10.9773425052741,-7.43338294825626,150.880071653135
JPN,2004,11.0993035291259,-5.31417683649576,154.527759586355
JPN,2005,10.2221794065751,-4.43846152112727,154.633422945732
JPN,2006,10.4166113883023,-3.02875608544721,152.923714735985
JPN,2007,10.6282301068254,-2.90100702471454,152.994650105872
JPN,2008,11.0899319053063,-4.10962900877148,158.614735637158
JPN,2009,12.4184140895109,-9.69300422032316,177.230691738608
JPN,2010,12.5961514495858,-9.07585020570466,181.505600254465
JPN,2011,12.957411303955,-8.98552414418363,196.288398408681
JPN,2012,13.0038141788186,-8.19647990127769,205.4377285081
JPN,2013,12.918443579583,-7.61141229241723,208.493542173923
JPN,2014,12.6435252914838,-5.61605177684133,214.756633001877
JPN,2015,12.3548716313128,-3.67784542343547,217.650056948243
JPN,2016,12.389857826905,-3.59959115636836,218.831179507264
JPN,2017,12.2740397741347,-3.09875911498125,218.569040614892
JPN,2018,12.2739320061923,-2.47138988710815,221.807669042691
JPN,2019,12.319657550992,-3.04460801895069,223.872911427255
JPN,2020,12.8506650656171,-9.06837928667681,240.465498116553
JPN,2021,12.7907710494346,-6.15157747218303,240.820857531075
JPN,2022,12.9416634255476,-4.1804264622468,239.628315056363
JPN,2023,11.8401790805229,-3.83540347136303,238.070758974836
LTU,1992,,,
LTU,1993,,,
LTU,1994,,,
LTU,1995,8.1,-1.5,11.4
LTU,1996,8.5,-3.2,13.8
LTU,1997,9.6,-11.7,15.3
LTU,1998,10.8,-3.0,16.5
LTU,1999,12.1,-2.8,22.6
LTU,2000,11.5,-3.2,23.5
LTU,2001,11.3,-3.5,22.9
LTU,2002,10.0,-1.9,22.1
LTU,2003,9.8,-1.3,20.4
LTU,2004,9.7,-1.4,18.6
LTU,2005,9.3,-0.3,17.6
LTU,2006,9.2,-0.3,17.3
LTU,2007,9.7,-0.8,15.9
LTU,2008,11.5,-3.1,14.6
LTU,2009,16.1,-9.1,27.9
LTU,2010,14.5,-6.9,36.7
LTU,2011,12.6,-5.9,37.4
LTU,2012,12.0,-3.1,39.9
LTU,2013,11.3,-2.7,38.9
LTU,2014,10.9,-1.8,40.7
LTU,2015,10.8,-0.8,42.4
LTU,2016,11.0,0.0,39.8
LTU,2017,10.9,0.4,39.1
LTU,2018,11.7,0.6,33.3
LTU,2019,12.0,0.5,35.6
LTU,2020,14.3,-6.3,45.9
LTU,2021,12.9,-1.1,43.3
LTU,2022,12.1,-0.7,38.1
LTU,2023,12.4,-0.7,37.3
LUX,1980,22.75275,,
LUX,1981,23.89354,,
LUX,1982,23.31944,,
LUX,1983,22.67307,,
LUX,1984,22.12056,,
LUX,1985,21.98582,,
LUX,1986,21.83929,,
LUX,1987,,,
LUX,1988,,,
LUX,1989,,,
LUX,1990,12.63149873,4.56491822571885,
LUX,1991,13.26584596,1.02158427215974,
LUX,1992,13.61063442,0.220720590072199,
LUX,1993,13.94133997,1.90068058494777,
LUX,1994,13.89407953,2.97325699146997,
LUX,1995,15.3627026083175,2.68153334218098,22.7019643224467
LUX,1996,15.2028845018262,2.32250514028473,22.1518788034568
LUX,1997,14.9432740741509,2.50375528710013,21.3014305452151
LUX,1998,14.8268012309072,2.84765995595129,21.1936198604534
LUX,1999,14.0162243483584,3.10860204753917,19.1479801071274
LUX,2000,13.3175254688424,5.54614826495321,17.9100172951614
LUX,2001,13.9460447240772,5.62822711662658,18.1206955022774
LUX,2002,14.7386195901707,2.03211679813215,18.3042123530252
LUX,2003,15.6483207737041,0.272964351282884,19.5407692300945
LUX,2004,15.2483627969633,-1.39346739872368,20.2020488703399
LUX,2005,15.2051851944319,-0.20780189970496,18.8359065040046
LUX,2006,14.1522564198526,1.911516558074,17.6409867821641
LUX,2007,13.3714015468347,4.36286358569101,17.1767663474158
LUX,2008,13.8926550027707,3.37429984440556,24.6178510190327
LUX,2009,15.801824820593,-0.210052372477646,22.4820839490276
LUX,2010,15.1260361512229,-0.317849130682272,27.3247301475993
LUX,2011,14.9013391687374,0.657145832106097,26.8071273942825
LUX,2012,15.1025320379438,0.50869594838409,27.7320782520944
LUX,2013,15.1268913299006,0.846640746456593,28.2727279955213
LUX,2014,14.9377341632639,1.3392888702331,29.1675208764229
LUX,2015,14.660199905789,1.3312838564659,29.1286655094431
LUX,2016,14.4855183423134,1.89482276898108,27.0826092329266
LUX,2017,14.8090769784701,1.36403581669696,28.7079203837335
LUX,2018,14.9955513170038,3.18133411371731,29.2875348873348
LUX,2019,15.2735487224732,2.68740050817144,30.9486734519298
LUX,2020,17.2499906120592,-3.0917087261442,32.9809234267959
LUX,2021,15.0931594787569,1.01635425644382,31.4935988517825
LUX,2022,15.5573914277238,0.191793689098941,29.4640530938638
LUX,2023,16.5747858437656,-0.693093282627196,31.2583739669515
LVA,1993,,,
LVA,1994,,,
LVA,1995,12.0,-1.5,14.3
LVA,1996,12.6,-0.4,13.6
LVA,1997,12.3,1.5,10.9
LVA,1998,13.0,0.0,9.3
LVA,1999,14.9,-3.8,12.4
LVA,2000,12.5,-2.8,12.4
LVA,2001,11.3,-2.0,14.1
LVA,2002,10.2,-2.4,13.4
LVA,2003,9.4,-1.6,14.8
LVA,2004,9.4,-1.2,15.2
LVA,2005,8.8,-0.5,12.4
LVA,2006,8.4,-0.6,10.6
LVA,2007,7.4,-0.6,8.9
LVA,2008,8.4,-4.5,19.5
LVA,2009,13.2,-9.8,38.0
LVA,2010,13.4,-8.8,48.6
LVA,2011,11.9,-4.5,46.6
LVA,2012,10.7,-1.5,44.0
LVA,2013,10.8,-1.3,41.8
LVA,2014,10.6,-1.7,43.1
LVA,2015,10.8,-1.5,38.3
LVA,2016,10.9,0.0,41.7
LVA,2017,10.7,-0.3,40.3
LVA,2018,10.6,-1.4,38.3
LVA,2019,11.1,-0.2,37.9
LVA,2020,12.3,-4.1,44.0
LVA,2021,12.6,-7.2,45.9
LVA,2022,12.7,-4.9,44.4
LVA,2023,12.1,-2.4,45.0
NLD,1980,18.33393627,-3.63918899872135,56.8218525875658
NLD,1981,18.86403374,-4.40942536080985,62.0196612457005
NLD,1982,20.12278078,-5.52275084287532,68.9143188496152
NLD,1983,20.48217642,-4.69278073063068,75.6397710125601
NLD,1984,19.57288956,-4.51405118263329,80.5457341146409
NLD,1985,18.56473482,-2.68018469635955,84.669050641898
NLD,1986,18.0923422,-3.8003256951697,82.8220660363845
NLD,1987,18.16608914,-4.60050159406288,82.3251530622154
NLD,1988,17.78984908,-3.61592679099379,83.9507801467948
NLD,1989,17.16932216,-4.38587843366597,84.6769689767446
NLD,1990,18.24651552,-4.72510089595212,84.3016475505992
NLD,1991,17.78416707,-2.28746750944323,85.1316965017634
NLD,1992,17.72090094,-3.76394903926266,88.5908649191011
NLD,1993,17.65605243,-2.57452815677211,92.9942197477547
NLD,1994,16.36694616,-3.26257926752767,83.27756093016
NLD,1995,14.6104014156203,-8.72293303359077,86.0189480126401
NLD,1996,13.9994207935129,-1.90678702620021,84.781336547041
NLD,1997,12.9602878320619,-1.60009946564246,79.4300726801936
NLD,1998,12.2961510894314,-1.33464975570238,77.2737399053188
NLD,1999,11.6522231716344,0.28287061288633,68.7335111195771
NLD,2000,11.0267563927632,1.135338744761,62.5680849558774
NLD,2001,10.8247177191417,-0.467623442031461,58.5160666637686
NLD,2002,10.8528318694932,-2.22952918466625,58.9607590935567
NLD,2003,11.3116890431364,-3.18940423054531,59.9173297108481
NLD,2004,11.2048580345503,-1.82693032015066,60.2911487758945
NLD,2005,10.7883974963932,-0.515096469770875,59.4897523484202
NLD,2006,10.4078005733312,0.0290978641146762,53.03366503764
NLD,2007,10.0159768776846,-0.259738591889348,50.3610334321132
NLD,2008,10.1084141078061,-0.00353067233211697,62.4800056490757
NLD,2009,11.0347476010556,-5.10109200308465,64.9914791389646
NLD,2010,11.3593314070125,-5.2803000241202,69.2746045454899
NLD,2011,11.5080036523666,-4.42204571658644,73.5856164174643
NLD,2012,11.8295676904192,-3.83905051294252,79.2241944089343
NLD,2013,12.2729943041046,-2.86076565518776,78.631093136386
NLD,2014,12.183423294387,-2.24150429647437,82.9654219267536
NLD,2015,11.9086065720313,-1.77828501472373,79.0062541743361
NLD,2016,11.7177075016489,0.226979616258641,76.5607104531402
NLD,2017,11.2604063868013,1.31591209856293,69.94011561494
NLD,2018,10.8498576732595,1.47347166840221,65.2569019378762
NLD,2019,10.5181334037145,1.78179973221782,61.4285249445938
NLD,2020,11.1796860359869,-3.60683679054344,68.9137613735294
NLD,2021,10.4943076664236,-2.19887851473891,64.4380569000067
NLD,2022,9.73043408263066,0.0115730607324275,52.714486553613
NLD,2023,10.297780346366,-0.357805546735306,49.7913581530491
NOR,1980,11.3261,6.07774630319176,37.1599699434384
NOR,1981,11.6296,5.38907966069179,33.2964692345262
NOR,1982,12.02859,4.41568183293919,29.9388723268305
NOR,1983,12.37458,6.48464612774937,27.634141928898
NOR,1984,12.09072,7.12899498724606,28.0208453991603
NOR,1985,11.84593,9.81426651231421,30.347413595452
NOR,1986,12.73346,5.67766490547792,37.8707810078187
NOR,1987,13.18194,4.61645809243251,31.3520121199725
NOR,1988,14.49473,2.54338242818119,30.6284761172061
NOR,1989,15.39979,1.82853587172566,30.5420052583768
NOR,1990,15.94759,2.24557703279876,27.3366356544575
NOR,1991,16.36923,0.169095183624071,25.811676480285
NOR,1992,17.0571,-1.51894682875444,30.1035534605001
NOR,1993,16.92938,-0.947896850692775,37.8409651176287
NOR,1994,16.36181,0.590553726554026,34.6057563746656
NOR,1995,15.1537993517025,3.142329404167,37.9645097955747
NOR,1996,14.4995790160353,6.16560772865143,33.5869980553214
NOR,1997,14.0225524383619,7.46000315418718,29.7716718944399
NOR,1998,14.7202459776417,3.1817084205922,28.1951356168303
NOR,1999,14.5021212621293,5.80663958864997,29.3495906713495
NOR,2000,13.065192441748,15.0463975318262,32.7764569302089
NOR,2001,13.4958141529883,13.1731546828415,31.832714307507
NOR,2002,14.5350335167136,9.02691246655522,39.1110159224368
NOR,2003,15.3169611383571,7.20457067140203,48.3992921591977
NOR,2004,14.3414630872708,10.8347691965262,50.2183015374222
NOR,2005,13.0573444558113,14.7208515811917,47.2129724121424
NOR,2006,12.0911279800042,17.8814781254832,58.0447774074194
NOR,2007,11.8917079842418,17.0377268794589,55.8464333561848
NOR,2008,11.478051282638,18.5309003429664,54.4622429992796
NOR,2009,13.4985194973833,10.1945229600871,48.6123771986202
NOR,2010,13.3670664720416,10.8714334460117,48.9697933215141
NOR,2011,13.1680195478249,13.2728976426095,34.5074199383686
NOR,2012,13.0689669274931,13.6795389199697,35.8068481500515
NOR,2013,13.1870493004804,10.6083968242925,36.3903589740273
NOR,2014,13.6614674790371,8.57198341312495,34.8583723646543
NOR,2015,14.7158488816788,5.98747740946776,40.2791466185842
NOR,2016,15.3550265000233,4.0362511974352,44.2531614696239
NOR,2017,14.8467862717466,4.95744489412456,44.53984724518
NOR,2018,14.1268714451036,7.81371930343531,45.2645976702334
NOR,2019,14.5747340028474,6.52249399975594,46.5231667944144
NOR,2020,16.7359944533919,-2.55949964972591,53.2608422466647
NOR,2021,13.7501269099808,10.2857769271117,47.8564880298767
NOR,2022,10.7803524409664,25.4528724965789,42.0743584622458
NOR,2023,13.1353750121916,16.5862446344437,50.9200366813933
NZL,1980,15.15,,
NZL,1981,15.42,,
NZL,1982,14.79,,
NZL,1983,,,
NZL,1984,,,
NZL,1985,,,
NZL,1986,11.2382234185734,-6.80241491667622,
NZL,1987,12.0475087083954,-2.62516089830297,
NZL,1988,12.7300787223198,-4.85188312709451,
NZL,1989,13.3623635023782,-3.6154969730379,
NZL,1990,14.7738915803432,-4.89231639420596,
NZL,1991,14.5737135788172,-3.58108630445999,
NZL,1992,14.3122746079583,-2.98576856179103,
NZL,1993,13.5045666587734,-0.408302452730615,63.0948152200391
NZL,1994,12.9022039451836,2.57477872918913,55.6103409729744
NZL,1995,12.4652777056165,2.37102233244137,49.7708840630762
NZL,1996,12.270900386742,2.41875829894047,43.5403460937578
NZL,1997,12.3876209285019,0.859701212845195,41.0579672472056
NZL,1998,12.3445467906054,-0.0188909144147121,40.8459351474908
NZL,1999,11.6116676087187,-0.219377112853341,38.2795080198519
NZL,2000,11.055636682243,1.68407354829987,36.2396910701007
NZL,2001,10.4521256759277,1.37131636870358,34.2813216168889
NZL,2002,10.0200321046285,3.34210998743343,32.4209975977783
NZL,2003,9.74217785467128,3.50455733766693,30.4149482466404
NZL,2004,9.08096442759352,4.11740485853774,27.6779203060184
NZL,2005,9.06618059519207,4.79951246206656,26.5280596918721
NZL,2006,9.64102079614891,5.36050379384227,26.1567269748237
NZL,2007,9.76907067936617,4.46500204666394,25.0780280624452
NZL,2008,10.4442309113756,0.57694540924591,28.1713613993263
NZL,2009,11.0248215452866,-2.72519752340053,33.3626601085022
NZL,2010,10.9628653345857,-6.84775165487332,38.661669321542
NZL,2011,10.6172341114673,-4.05656443113319,43.5155866420149
NZL,2012,10.6554663576926,-2.10895820983993,44.6140862679921
NZL,2013,10.1217374868984,-0.639738316773499,43.5316276021689
NZL,2014,9.94359268064557,0.476951495402732,43.7175117043193
NZL,2015,9.63868158716983,0.188246881416358,43.3196320357924
NZL,2016,9.5232830672622,1.23233232107373,40.8810766059914
NZL,2017,9.08556195717603,1.68717599622977,38.8535234270291
NZL,2018,9.38521685452342,0.839758255418775,36.7427818099196
NZL,2019,9.60489050530063,-0.408721050228589,39.5851569575624
NZL,2020,10.7372175980975,-7.92182757137593,45.902000594505
NZL,2021,10.2163401208024,-4.17064755462441,48.5106514360943
NZL,2022,10.3629932841992,-2.69591373915965,52.9041076558827
NZL,2023,,-3.03966456927228,56.6790424048698
POL,1991,,,
POL,1992,,,
POL,1993,,,
POL,1994,,,
POL,1995,16.6975093899492,-4.25441906581015,51.1162598210469
POL,1996,16.754234629862,-4.66553413234348,51.0052139077266
POL,1997,16.9319848418676,-4.60157776471244,47.9598371180707
POL,1998,16.2401342140859,-4.19692091731361,43.4927421511711
POL,1999,16.6353368192403,-2.27367286492781,46.3180626670267
POL,2000,15.9869570249671,-3.99064810779222,45.8846483212091
POL,2001,16.9830830059658,-4.70797885010926,44.2591430333876
POL,2002,17.042810152683,-4.79722563229942,53.7944463359424
POL,2003,16.9418624213383,-6.01728615465405,56.0150745658345
POL,2004,15.9544199057118,-4.99463967219473,53.60541470562
POL,2005,15.6536892940955,-3.92701776378558,55.1172419515934
POL,2006,15.1375800628858,-3.53100382340429,54.8256010741683
POL,2007,14.1508117333513,-1.88108715106309,51.5240146824604
POL,2008,13.9952217070579,-3.59819134172557,53.7221329212753
POL,2009,14.4844887194652,-7.24996238316386,57.1939049218262
POL,2010,14.7626677765061,-7.44138688577139,62.0508790725305
POL,2011,13.956718150051,-4.98431981089338,62.4021489761797
POL,2012,14.1308140215825,-3.79814216130886,65.7029860232441
POL,2013,14.7409156852497,-4.24735393166537,66.8840518367618
POL,2014,14.5595301093157,-3.66350926139972,71.5943964577287
POL,2015,14.2907683839864,-2.59914844438667,70.108876684758
POL,2016,15.2959334605243,-2.38247064632518,72.9612515205105
POL,2017,15.0752490439876,-1.48624777488621,68.6161575520822
POL,2018,14.7227562841459,-0.245064008640344,66.1900269575071
POL,2019,15.2747124047453,-0.734474220949994,63.2640397830179
POL,2020,16.5424059919362,-6.85897969431448,76.9481684982848
POL,2021,15.8219106539952,-1.74611692229233,67.458551381831
POL,2022,14.8246448554429,-3.43970603605636,58.9200452852478
POL,2023,15.6618483600413,-5.29069445370655,62.4347462199118
PRT,1980,10.57147,-6.29566804642455,31.96812602765974
PRT,1981,11.60785,-7.93406833677036,40.25671923178071
PRT,1982,11.46818,-5.97180427475654,43.16953279581291
PRT,1983,10.9402,-3.67517407023598,48.17110894591624
PRT,1984,10.87594,-4.05681128951315,53.62577114612668
PRT,1985,10.81495,-6.37349091003145,56.62919778159271
PRT,1986,10.22162,-6.39427161894676,54.77782659794555
PRT,1987,11.00979,-6.46166742848642,61.63936166606581
PRT,1988,10.51222,-3.25346393445907,61.87537324802078
PRT,1989,10.42396,-2.56466811214774,59.53764499347266
PRT,1990,10.84111,-5.51722998828672,56.06066904221447
PRT,1991,11.8946,-6.66401099508573,57.67322094891606
PRT,1992,12.53859,-4.0920666961785,55.25075274196848
PRT,1993,13.90451,-7.69537344191836,61.439104440257
PRT,1994,13.8895,-7.30608606648832,62.2264607942561
PRT,1995,10.8003547670665,-5.17867542208956,76.3211291855489
PRT,1996,10.9646269769844,-4.73770495295623,77.5078609962179
PRT,1997,10.7470896393428,-3.70523251223286,74.075138159556
PRT,1998,10.9193810648641,-4.38738362151752,72.6136910023415
PRT,1999,10.8772913925748,-3.03143796904275,69.5448173443033
PRT,2000,11.268514223614,-3.17098282829474,67.5820387651872
PRT,2001,11.5664879094208,-4.74144693299192,70.1246869370489
PRT,2002,12.0539362614501,-3.28752006525403,72.3724410823126
PRT,2003,13.2409691391518,-5.69933735866791,76.2416191521067
PRT,2004,13.6755470934773,-6.20229883813285,81.1016797103954
PRT,2005,14.1694839843286,-6.13001213779362,84.4310419329083
PRT,2006,14.2576886391437,-4.16695564596297,83.4339039426143
PRT,2007,14.2390105603207,-2.87497277306587,80.8988195983277
PRT,2008,14.7231661355387,-3.81071693130214,85.0069994167204
PRT,2009,16.5481071765242,-9.87427421068871,97.9788456198093
PRT,2010,16.6118879641239,-11.4183586798404,105.775674817848
PRT,2011,17.1538355859649,-7.72689114142123,110.45366831263
PRT,2012,17.7888467785598,-6.20243119163989,138.329315958496
PRT,2013,18.6626505811617,-5.21351467074256,141.697132201911
PRT,2014,18.001905943542,-7.3627494477606,151.784437071719
PRT,2015,17.6822124917017,-4.4739833880317,149.658590639824
PRT,2016,17.2519963421759,-1.9433337506332,145.377138708677
PRT,2017,16.6632110736759,-3.00211034639321,144.752877430751
PRT,2018,16.37950515783,-0.425760986543224,137.330942814826
PRT,2019,16.2241675767523,0.115996140517478,135.543541573369
PRT,2020,18.0621854538544,-5.75224812301062,156.594122334473
PRT,2021,17.3554205919437,-2.82548578943928,142.302818032918
PRT,2022,16.5178232741952,-0.310300478915349,114.239027385653
PRT,2023,15.7893694384456,1.21420727075361,104.959889721586
SVK,1990,,,
SVK,1991,,,
SVK,1992,,,
SVK,1993,,,
SVK,1994,,,
SVK,1995,13.6870318269426,-3.42924740602,36.9805137060548
SVK,1996,13.758055366363,-9.72039940386704,36.6368757505431
SVK,1997,13.2551054675774,-6.23513611698832,38.1523320446572
SVK,1998,13.3058503496005,-5.36913863745166,44.9450979730653
SVK,1999,14.0329241463031,-7.25200998555399,57.235172154071
SVK,2000,13.3592501141644,-12.6896753178702,62.6416559299178
SVK,2001,13.42016336333,-7.74295104781243,62.1744569885394
SVK,2002,13.5629061064414,-8.35313179929475,55.0181679409302
SVK,2003,11.9339757360369,-2.28191995076255,52.273818940814
SVK,2004,12.6434995126504,-2.35929666261921,49.2666450694928
SVK,2005,12.7721244391149,-2.85703510883227,42.1753438267913
SVK,2006,12.2369388238242,-3.57042335755025,39.5030919770445
SVK,2007,11.8726146885605,-2.25812665230469,37.930851973918
SVK,2008,11.6513869662087,-2.54096448272811,36.6763017647669
SVK,2009,14.1272033106601,-8.18404243019241,45.9971503927038
SVK,2010,14.1962248686908,-7.44455700942641,50.147081072774
SVK,2011,13.718503511673,-4.35560566896338,52.943571473515
SVK,2012,13.8975078900906,-4.3660714500065,62.41433144575
SVK,2013,13.9870396652874,-2.86136598729164,66.9264421151274
SVK,2014,13.940411925974,-3.24480847623436,69.3838325128685
SVK,2015,13.6479273674517,-2.78203874183968,67.7669652077943
SVK,2016,13.8250214805343,-2.59355449332554,69.3076416291604
SVK,2017,13.5035899678874,-0.984576691462156,67.1229951093669
SVK,2018,13.138951190834,-1.00591685366668,64.6153022694852
SVK,2019,13.3315022957142,-1.20500296755642,64.1887597538951
SVK,2020,14.5188882049213,-5.2959808359115,78.367875440295
SVK,2021,14.6839919948224,-5.0877788726841,78.2566730351438
SVK,2022,14.4282920859529,-1.66911065342511,65.1459865037575
SVK,2023,16.3765719746551,-5.20644158782891,65.1807835290665
SVN,1990,,,
SVN,1991,,,
SVN,1992,,,
SVN,1993,,,
SVN,1994,,,
SVN,1995,16.4464060058828,-8.13553539177495,33.1462106763136
SVN,1996,16.355628621613,-1.09923176745926,34.8488630853924
SVN,1997,16.7488011599829,-2.3321812033601,33.7378214002361
SVN,1998,16.766085986065,-2.38917591821584,32.123373690297
SVN,1999,16.7463831799781,-3.04359891643946,32.6249826375178
SVN,2000,17.0331711985992,-3.77259779291412,34.9190045897029
SVN,2001,16.9712195102575,-4.58018891582805,35.5063267539388
SVN,2002,17.0942859656619,-2.47406498101165,36.5788045322953
SVN,2003,16.9857797266553,-2.66397706248269,35.2713920530265
SVN,2004,16.666532154214,-1.98170144101562,35.4461619638708
SVN,2005,16.6348645419221,-1.37886128325556,34.7355281285707
SVN,2006,16.0739094029978,-1.25849829810791,33.257856228279
SVN,2007,15.0949814942822,-0.0771390500935268,30.4653164800564
SVN,2008,15.3697519130907,-1.44051515122054,30.574647931705
SVN,2009,17.2273509417668,-5.87194947047136,44.7103931682983
SVN,2010,17.8441916324645,-5.55569139851509,48.766769355482
SVN,2011,18.1856376133642,-6.68584020803835,52.3765111457013
SVN,2012,18.1278912689389,-4.19646490011098,63.3705049373639
SVN,2013,18.0935649046184,-11.2270471041305,81.4953874042928
SVN,2014,17.5111249946754,-4.52612740666873,100.976028864879
SVN,2015,17.0972845335939,-2.83767107877805,104.125016721352
SVN,2016,16.4865028587641,-1.99901755580983,99.0541227185727
SVN,2017,15.9728414442956,0.0536298972485248,91.1096177975965
SVN,2018,15.4879515967774,0.89610245425103,85.6009133662369
SVN,2019,15.3781256769546,0.681009446383162,87.4390379751692
SVN,2020,17.4107327034207,-7.67672197895847,110.52631074508
SVN,2021,16.2041930113081,-4.61126100877562,95.5510217760598
SVN,2022,16.2671588419483,-3.01354255600538,74.5024888969868
SVN,2023,15.1953583922205,-2.5637188884518,72.216645905645
SWE,1980,17.50538,-5.34125374084745,43.6218775384708
SWE,1981,17.99324,-4.38743940231445,51.4755226261607
SWE,1982,18.1763,-6.15860412683936,60.9279280356661
SWE,1983,18.23841,-4.80363756276345,64.7549131176482
SWE,1984,17.47965,-2.83984273621775,65.9493386749856
SWE,1985,18.20411,-3.43638065673296,65.6245589126743
SWE,1986,18.32669,-0.324245842066222,65.2130386739731
SWE,1987,18.66761,3.10650551535184,58.0637116656745
SWE,1988,19.39297,3.11560477739204,52.0598501254987
SWE,1989,19.3803,3.05549507430135,47.3595524733258
SWE,1990,19.49835,3.15911949121906,43.3168177010491
SWE,1991,21.06635,-0.0719933710967775,51.8217573345851
SWE,1992,23.40068,-8.39930783860844,69.0267702083152
SWE,1993,22.21722677,-10.6949032205782,74.3086058493068
SWE,1994,21.68221148,-8.71356334163229,78.5876778731049
SWE,1995,17.0266377177989,-7.01146890163211,76.9674627680803
SWE,1996,16.2155812063644,-3.10735271282986,79.5106568161944
SWE,1997,15.6298811031031,-1.5686069839325,77.9648740124566
SWE,1998,15.4490851131506,0.821403938394473,77.6960308788841
SWE,1999,15.2342000710332,0.598480450757787,68.5829350679415
SWE,2000,14.6428704868419,3.10753297044533,58.7896417504973
SWE,2001,14.7491275747076,1.37257286634541,60.6123584192803
SWE,2002,14.9005873380653,-1.45439895637494,60.3281663661129
SWE,2003,15.4128768430564,-1.2425951128114,59.6537268618055
SWE,2004,15.0851433422305,0.166496305774578,59.3031760872163
SWE,2005,14.8656316863451,2.086943184242,60.0843870588707
SWE,2006,14.3286926698645,2.19560205795581,53.6066686238744
SWE,2007,13.5520089512827,3.36585577800414,48.4031556104838
SWE,2008,13.6237654003418,1.87436693239893,48.8361292804811
SWE,2009,14.6891642407339,-0.889036480094137,50.1027222756639
SWE,2010,13.847323872437,-0.144061472249538,47.8316264607957
SWE,2011,13.2760298366864,-0.408156533992137,47.8767857693225
SWE,2012,13.8519086527309,-1.1902239307592,48.2747466207608
SWE,2013,14.1767109225402,-1.62865568484104,50.9068015367203
SWE,2014,13.7502671126828,-1.83738442685745,58.1416830904726
SWE,2015,13.2586202618542,-0.271656772979476,56.0598065707322
SWE,2016,13.1279169388462,0.861724806157467,55.3247810294903
SWE,2017,12.9063496160843,1.28708965576228,52.920110156774
SWE,2018,12.6673154860699,0.670015842348847,51.6194725361061
SWE,2019,12.3117714852438,0.438743530944587,47.8221119673332
SWE,2020,12.8008328257961,-3.1759737197618,53.4953820518117
SWE,2021,11.9775636263293,-0.147612738128266,49.9950294418448
SWE,2022,11.5517242261191,0.996362591526707,44.9819632849455
SWE,2023,11.4565334384001,-0.62358604413177,42.0570367269778
USA,1980,9.6258819930795,-4.44167999360237,40.8678656854869
USA,1981,9.73161864784392,-3.99311203122192,40.0395847730365
USA,1982,10.3828919827178,-6.55594547413537,44.6918417481006
USA,1983,10.2949941635173,-7.21140940659237,47.6101712242021
USA,1984,9.52498419239288,-6.07660241915151,49.2657049435632
USA,1985,9.38331344770279,-6.24278560366888,53.910313724618
USA,1986,9.45501941095254,-6.44199070558609,57.3576373213353
USA,1987,9.31355254092764,-5.43644168269539,59.1504034449547
USA,1988,9.19411248638865,-4.70318754848238,59.7104367510892
USA,1989,9.32720975329606,-4.47676931611085,59.8355478284051
USA,1990,9.74046576772253,-5.47275434965562,61.4257796369013
USA,1991,10.665236145589,-6.29092024984698,66.0554502002374
USA,1992,11.3180673300588,-7.28187377405022,68.360142506651
USA,1993,11.4475066847132,-6.44416753170509,70.2705240467075
USA,1994,11.2873248512879,-5.05307464633541,69.0936680866608
USA,1995,11.4077046248509,-4.68901515321331,68.6730654150724
USA,1996,11.3202674256626,-3.53895938705495,67.8466046916733
USA,1997,10.9969371214538,-2.0973960812248,65.4841226562006
USA,1998,10.6602946964503,-0.939738189012814,62.2527317459001
USA,1999,10.3926500326232,-0.528378076115193,58.6996281111901
USA,2000,10.2797463103915,0.305522843146666,52.8649144001455
USA,2001,10.920768793667,-1.91076929357587,52.8540401282224
USA,2002,11.537368328687,-5.35792341520636,55.2490913428367
USA,2003,11.6209941910452,-6.48776699971488,58.3618947563117
USA,2004,11.5861352310301,-5.81569424391027,65.8569541214071
USA,2005,11.5229371026452,-4.5083796187756,65.2091612696702
USA,2006,11.6204565887665,-3.44320431501153,63.9497080941137
USA,2007,11.8184169200596,-4.10124319592335,64.3452807531622
USA,2008,13.099623077047,-7.49079117142041,73.1973337529717
USA,2009,14.6685523074316,-13.238196555552,86.3465183862853
USA,2010,15.2694822190833,-12.529908191065,94.9032329187158
USA,2011,14.9181227215955,-11.0948063433015,99.2326438439021
USA,2012,14.3997865506089,-9.33238618011476,102.800909562402
USA,2013,14.2457077714213,-5.9544509254387,104.074359667877
USA,2014,14.3009799162183,-5.33269892971223,103.973331763226
USA,2015,14.5151415967373,-4.6823591710946,104.386898969605
USA,2016,14.5611681266486,-5.44054224764904,106.29740076041
USA,2017,14.4259574521895,-4.4716304638934,105.232123888808
USA,2018,14.2751328684857,-6.17503954139799,106.55689726566
USA,2019,14.4603026269938,-6.74502552381486,107.722998740737
USA,2020,19.7392330982731,-14.9771439142163,131.535141973114
USA,2021,19.3977452846399,-11.8395793417435,124.25769110254
USA,2022,15.5441974787223,-3.69023615566527,118.370774209183
USA,2023,15.0733567745327,-7.62284421327673,120.550420976779
