iso3,year,dependency_ratio
AUS,1990,49.46812428753547
AUS,1991,49.61706801364452
AUS,1992,49.811919085308006
AUS,1993,49.98607712608749
AUS,1994,50.0950366169999
AUS,1995,50.10919567205799
AUS,1996,50.0490001668879
AUS,1997,49.9340260684314
AUS,1998,49.79801208892475
AUS,1999,49.63671924744891
AUS,2000,49.45983714999612
AUS,2001,49.28683546190102
AUS,2002,49.07392786643059
AUS,2003,48.84456173441219
AUS,2004,48.6497650677502
AUS,2005,48.47529979336775
AUS,2006,48.32967639982512
AUS,2007,48.218323272123484
AUS,2008,48.12539032511647
AUS,2009,48.14825717096639
AUS,2010,48.36386111094089
AUS,2011,48.768238322988275
AUS,2012,49.32897268983779
AUS,2013,49.92436731239188
AUS,2014,50.49106089988524
AUS,2015,51.06330102940122
AUS,2016,51.603445574586225
AUS,2017,52.042421492171165
AUS,2018,52.44551516928038
AUS,2019,52.91975843158956
AUS,2020,53.606124638161646
AUS,2021,54.25581575935253
AUS,2022,54.584771843465305
AUS,2023,54.833050159145735
AUT,1990,48.09179092919095
AUT,1991,48.22852476808265
AUT,1992,48.41719030741542
AUT,1993,48.65124603205345
AUT,1994,48.93735453206853
AUT,1995,49.16278102628949
AUT,1996,49.19445662891356
AUT,1997,49.04586260503817
AUT,1998,48.81485986556497
AUT,1999,48.49649694806773
AUT,2000,48.10715019899048
AUT,2001,47.66788898614319
AUT,2002,47.21889278867767
AUT,2003,46.85243014431327
AUT,2004,46.97685410670003
AUT,2005,47.550402302035245
AUT,2006,48.03186412773866
AUT,2007,48.21579739348475
AUT,2008,48.21324695763252
AUT,2009,48.25400046413096
AUT,2010,48.1046425720335
AUT,2011,47.88951520593416
AUT,2012,48.01622947699478
AUT,2013,48.30924802668503
AUT,2014,48.56450700836818
AUT,2015,48.73269070129312
AUT,2016,48.95586275353253
AUT,2017,49.310934569969916
AUT,2018,49.68389606251271
AUT,2019,50.06709987107293
AUT,2020,50.51840768440516
AUT,2021,51.11109498802946
AUT,2022,51.827798714194486
AUT,2023,52.59408376651893
BEL,1990,49.36504661130165
BEL,1991,49.90799027413519
BEL,1992,50.34506230877891
BEL,1993,50.66828642900225
BEL,1994,50.92766123792109
BEL,1995,51.21895623399413
BEL,1996,51.52584520032201
BEL,1997,51.821991544638635
BEL,1998,52.087780651521896
BEL,1999,52.292249721034864
BEL,2000,52.46580014185771
BEL,2001,52.54945607401932
BEL,2002,52.528065423250936
BEL,2003,52.4831390432658
BEL,2004,52.46462460487149
BEL,2005,52.333422206224455
BEL,2006,51.96113191036562
BEL,2007,51.56263260856697
BEL,2008,51.41736768654744
BEL,2009,51.49443799682292
BEL,2010,51.647369724239326
BEL,2011,52.04180595119655
BEL,2012,52.604514878996945
BEL,2013,53.160278656696626
BEL,2014,53.752711645518744
BEL,2015,54.218586066947275
BEL,2016,54.653292541651524
BEL,2017,55.17678243807919
BEL,2018,55.65472683725719
BEL,2019,56.056338487317156
BEL,2020,56.30961718475892
BEL,2021,56.579843760663664
BEL,2022,56.9781655092647
BEL,2023,57.32180721100703
BGR,1990,50.34785975241195
BGR,1991,50.29612234337796
BGR,1992,50.09096673598135
BGR,1993,49.858601817127614
BGR,1994,49.57394863575345
BGR,1995,49.246918056176476
BGR,1996,48.89386616719798
BGR,1997,48.49109132198865
BGR,1998,48.12023074849028
BGR,1999,47.87736439494921
BGR,2000,47.618211331347304
BGR,2001,47.120104747510446
BGR,2002,46.54618475397501
BGR,2003,45.945805421785344
BGR,2004,45.366050487033135
BGR,2005,44.94247509436719
BGR,2006,44.7386390684655
BGR,2007,44.77511936934992
BGR,2008,45.037343545324546
BGR,2009,45.51204918186594
BGR,2010,46.2076375688598
BGR,2011,47.13337982604677
BGR,2012,48.1663471826867
BGR,2013,49.30865543460264
BGR,2014,50.557921808575514
BGR,2015,51.78454073188033
BGR,2016,52.907489963847674
BGR,2017,53.943631950915204
BGR,2018,54.97149880009533
BGR,2019,55.92467609590106
BGR,2020,56.53995048605868
BGR,2021,56.706635004095084
BGR,2022,56.82959074512962
BGR,2023,57.160145180510234
CAN,1990,46.960460875388755
CAN,1991,47.31176982277036
CAN,1992,47.6541983447229
CAN,1993,47.87339706058158
CAN,1994,47.922853568598065
CAN,1995,47.865955398364626
CAN,1996,47.74662852260347
CAN,1997,47.569932511283895
CAN,1998,47.31209364530392
CAN,1999,46.94434428376846
CAN,2000,46.505468173977995
CAN,2001,46.049099393418594
CAN,2002,45.61621329307487
CAN,2003,45.22497565238304
CAN,2004,44.82396633247537
CAN,2005,44.41245304921606
CAN,2006,44.10567014026627
CAN,2007,43.97283413237536
CAN,2008,43.97981018151202
CAN,2009,44.068329630746305
CAN,2010,44.24260347324262
CAN,2011,44.61663929248263
CAN,2012,45.23949935556537
CAN,2013,45.98567191979671
CAN,2014,46.765665033114374
CAN,2015,47.58596316023998
CAN,2016,48.38950826058361
CAN,2017,49.09811431356911
CAN,2018,49.73347951005595
CAN,2019,50.41057291888031
CAN,2020,51.19835047545891
CAN,2021,52.034248539825924
CAN,2022,52.64531693363046
CAN,2023,53.051845510035115
CHE,1990,46.35606998395983
CHE,1991,46.5639164074309
CHE,1992,46.867592257336845
CHE,1993,47.28518846922869
CHE,1994,47.61939337500034
CHE,1995,47.89566474820174
CHE,1996,48.15583760418214
CHE,1997,48.362683606200214
CHE,1998,48.48666857408981
CHE,1999,48.56944518676124
CHE,2000,48.603170531924576
CHE,2001,48.27152493083598
CHE,2002,47.79988776159036
CHE,2003,47.50521463724254
CHE,2004,47.25534196358524
CHE,2005,47.04255627499482
CHE,2006,46.89011799989009
CHE,2007,46.784752272737435
CHE,2008,46.71466430112469
CHE,2009,46.804097561641434
CHE,2010,47.02579829820144
CHE,2011,47.32106799422736
CHE,2012,47.6553103474253
CHE,2013,47.99640754956131
CHE,2014,48.352481328327045
CHE,2015,48.693882944249815
CHE,2016,49.06411866827884
CHE,2017,49.541626421596824
CHE,2018,50.09373004688794
CHE,2019,50.6327775355631
CHE,2020,51.06523590589297
CHE,2021,51.53130324762185
CHE,2022,52.18171462356773
CHE,2023,52.95752190430336
CZE,1990,51.468200029638844
CZE,1991,50.422269185607135
CZE,1992,49.45347807221071
CZE,1993,48.50437619601241
CZE,1994,47.55542831195498
CZE,1995,46.696164274087685
CZE,1996,46.00149295939711
CZE,1997,45.35000849886129
CZE,1998,44.70375881594051
CZE,1999,44.03073873753755
CZE,2000,43.31247780626929
CZE,2001,42.58295726560616
CZE,2002,41.890508661556694
CZE,2003,41.232284481833
CZE,2004,40.702223671959125
CZE,2005,40.38467143450274
CZE,2006,40.25001965627947
CZE,2007,40.36862815758022
CZE,2008,40.826349268902334
CZE,2009,41.598368490455066
CZE,2010,42.57534016853287
CZE,2011,43.865719704913296
CZE,2012,45.474711089562966
CZE,2013,47.07665118769635
CZE,2014,48.59265862113947
CZE,2015,50.083637075716524
CZE,2016,51.606677543475065
CZE,2017,53.138936545080384
CZE,2018,54.5796531953634
CZE,2019,55.90882203109654
CZE,2020,56.977959549978806
CZE,2021,57.74381826366339
CZE,2022,57.39605882937669
CZE,2023,56.78781597012961
DEU,1990,44.831198502375265
DEU,1991,45.264607995282624
DEU,1992,45.49465025465616
DEU,1993,45.754279061299655
DEU,1994,46.08524325785168
DEU,1995,46.30290826596038
DEU,1996,46.39930248626437
DEU,1997,46.47281552690794
DEU,1998,46.551257728744375
DEU,1999,46.81353257688764
DEU,2000,47.30649082382148
DEU,2001,47.78863051608106
DEU,2002,48.208752521652
DEU,2003,48.658252887585036
DEU,2004,49.29789266750017
DEU,2005,50.0417234262092
DEU,2006,50.84438221108128
DEU,2007,51.46125035367679
DEU,2008,51.81499876797218
DEU,2009,52.15786377714328
DEU,2010,52.11753021500903
DEU,2011,51.746235175580594
DEU,2012,51.580506273521706
DEU,2013,51.61974906231753
DEU,2014,51.83217321922511
DEU,2015,52.122406986576095
DEU,2016,52.58204585943722
DEU,2017,53.258253101446016
DEU,2018,53.87545524656071
DEU,2019,54.537986859364636
DEU,2020,55.295066596629006
DEU,2021,56.23112720701424
DEU,2022,57.16212273603739
DEU,2023,57.99189538966489
DNK,1990,48.47249991552476
DNK,1991,48.242092847547
DNK,1992,48.22240425850247
DNK,1993,48.22694832853492
DNK,1994,48.27460892721098
DNK,1995,48.42452344035606
DNK,1996,48.65503428648578
DNK,1997,48.95216133195307
DNK,1998,49.277704730534474
DNK,1999,49.61853136049791
DNK,2000,49.964444074967396
DNK,2001,50.28954128852043
DNK,2002,50.57488649317838
DNK,2003,50.83980000604414
DNK,2004,51.048390905887
DNK,2005,51.190554902280795
DNK,2006,51.32086740340871
DNK,2007,51.48188520361464
DNK,2008,51.749144176880876
DNK,2009,52.18902637622199
DNK,2010,52.78751191138481
DNK,2011,53.517631078032124
DNK,2012,54.23692954596485
DNK,2013,54.75767796177122
DNK,2014,55.09942376457868
DNK,2015,55.326865164618
DNK,2016,55.56316592216641
DNK,2017,55.88981620891958
DNK,2018,56.23146252784581
DNK,2019,56.59996434067689
DNK,2020,57.00376475998342
DNK,2021,57.287268469407216
DNK,2022,57.32428855380361
DNK,2023,57.39885116702913
ESP,1990,50.001748275632906
ESP,1991,49.10873701189755
ESP,1992,48.29567482365083
ESP,1993,47.57219651997226
ESP,1994,46.92785319336223
ESP,1995,46.372558076106046
ESP,1996,45.97556428053614
ESP,1997,45.764600080434114
ESP,1998,45.67442808488406
ESP,1999,45.641773652291974
ESP,2000,45.69551417350451
ESP,2001,45.922647988184565
ESP,2002,45.969741325132745
ESP,2003,45.6859025843891
ESP,2004,45.220684412581214
ESP,2005,45.03603129030045
ESP,2006,45.09378232330742
ESP,2007,44.984641697197446
ESP,2008,45.198817874421735
ESP,2009,45.84982782414535
ESP,2010,46.65770708294956
ESP,2011,47.44404223696865
ESP,2012,48.18443001130209
ESP,2013,49.08231305649919
ESP,2014,49.94056367209813
ESP,2015,50.463152001926034
ESP,2016,50.796879502624314
ESP,2017,51.087986425085404
ESP,2018,51.21278722931998
ESP,2019,51.1273134809275
ESP,2020,50.96418707316478
ESP,2021,50.878943744210325
ESP,2022,51.020695883890596
ESP,2023,51.31422284024322
EST,1990,51.22804954795633
EST,1991,51.36403825123897
EST,1992,51.572983052121
EST,1993,51.80910675004953
EST,1994,51.93814073129075
EST,1995,52.00369049369876
EST,1996,51.93037098411786
EST,1997,51.69170772735845
EST,1998,51.09158548854569
EST,1999,49.6332476232401
EST,2000,48.421687860632986
EST,2001,48.01634016199409
EST,2002,47.69671926647943
EST,2003,47.36278539230052
EST,2004,47.056334851151966
EST,2005,46.90510089339641
EST,2006,47.142067404338626
EST,2007,47.54738659737653
EST,2008,47.77479620165868
EST,2009,48.07855120996958
EST,2010,48.53614131222962
EST,2011,49.263767464087934
EST,2012,50.2723815864367
EST,2013,51.37107129157259
EST,2014,52.54790966037929
EST,2015,53.617178312462265
EST,2016,54.6487232979755
EST,2017,55.62496456045514
EST,2018,56.34614361151683
EST,2019,57.06354993276642
EST,2020,57.82449317787385
EST,2021,58.266236198562325
EST,2022,58.386193745053504
EST,2023,58.4343478723355
FIN,1990,48.592486506846704
FIN,1991,48.7791112079152
FIN,1992,48.95154724329894
FIN,1993,49.179965361265744
FIN,1994,49.4863944848771
FIN,1995,49.803133383328415
FIN,1996,49.99174610793866
FIN,1997,49.97875719060344
FIN,1998,49.74081912778082
FIN,1999,49.488400009955335
FIN,2000,49.410248794389375
FIN,2001,49.430606324983415
FIN,2002,49.509965562039646
FIN,2003,49.64105475848952
FIN,2004,49.85393451015035
FIN,2005,49.915227719235574
FIN,2006,50.14922921995942
FIN,2007,50.29369773260235
FIN,2008,50.22583073904824
FIN,2009,50.478405583423125
FIN,2010,51.09506447670674
FIN,2011,52.22569399320839
FIN,2012,53.59209986547143
FIN,2013,55.02822388478316
FIN,2014,56.416303801180646
FIN,2015,57.64433315054999
FIN,2016,58.65911997115133
FIN,2017,59.60346396761462
FIN,2018,60.47413775546128
FIN,2019,61.12788227779063
FIN,2020,61.68415124594806
FIN,2021,62.15155519866651
FIN,2022,62.468788370310655
FIN,2023,62.6357187918865
FRA,1990,51.79277941117044
FRA,1991,52.17175195779916
FRA,1992,52.4882157469949
FRA,1993,52.68757927519512
FRA,1994,52.8489827950778
FRA,1995,52.96215802564005
FRA,1996,53.022918518915354
FRA,1997,53.07841377467321
FRA,1998,53.2192971135075
FRA,1999,53.458977361130465
FRA,2000,53.69197196356633
FRA,2001,53.826354415758615
FRA,2002,53.855081202226394
FRA,2003,53.77827556765561
FRA,2004,53.73053968874093
FRA,2005,53.70540079613358
FRA,2006,53.60949220531749
FRA,2007,53.61805246184168
FRA,2008,53.864441596055265
FRA,2009,54.24469581525221
FRA,2010,54.591548563142
FRA,2011,55.27640536313234
FRA,2012,56.29346427222065
FRA,2013,57.16792246977792
FRA,2014,58.06263676157272
FRA,2015,58.97389112712263
FRA,2016,59.662349731122355
FRA,2017,60.26134916605231
FRA,2018,60.82497867807285
FRA,2019,61.339333625721004
FRA,2020,61.77721560851705
FRA,2021,62.06394356853887
FRA,2022,62.36076265900784
FRA,2023,62.69135999526386
GBR,1990,53.89106236138468
GBR,1991,54.337601300948066
GBR,1992,54.77719376391504
GBR,1993,55.05121003561106
GBR,1994,55.12213448954779
GBR,1995,55.00676756648504
GBR,1996,54.81962647306944
GBR,1997,54.61429948917613
GBR,1998,54.34838664797154
GBR,1999,53.97671590959512
GBR,2000,53.43148586592641
GBR,2001,52.88233278421758
GBR,2002,52.49643015595274
GBR,2003,52.35729295277899
GBR,2004,52.21578634074553
GBR,2005,51.82757156271064
GBR,2006,51.4008482871775
GBR,2007,51.15618620658597
GBR,2008,51.19472265867895
GBR,2009,51.44068525518688
GBR,2010,51.73802316477801
GBR,2011,52.28144451320429
GBR,2012,53.229792089123265
GBR,2013,54.15481215544307
GBR,2014,54.843859544782056
GBR,2015,55.40156159373413
GBR,2016,55.92459264530836
GBR,2017,56.479959518170006
GBR,2018,57.00444495793181
GBR,2019,57.43102135616744
GBR,2020,57.659380857173915
GBR,2021,57.61296083772992
GBR,2022,57.628192344540295
GBR,2023,57.846397332052035
GRC,1990,49.34905799935262
GRC,1991,49.26377148827736
GRC,1992,49.23355193717619
GRC,1993,49.17112771893167
GRC,1994,49.08905105596901
GRC,1995,48.9292463784505
GRC,1996,48.75228148853798
GRC,1997,48.620833288027455
GRC,1998,48.57452148317453
GRC,1999,48.66718655133423
GRC,2000,48.91606034363481
GRC,2001,49.25752778035805
GRC,2002,49.60123566924605
GRC,2003,49.81394017460999
GRC,2004,49.92373900442348
GRC,2005,49.97786637295305
GRC,2006,49.96525873600586
GRC,2007,49.92173139702671
GRC,2008,50.02891463532889
GRC,2009,50.41427171544323
GRC,2010,51.03713476878281
GRC,2011,51.871565678108944
GRC,2012,52.81100016740709
GRC,2013,53.732034447650655
GRC,2014,54.522104036871674
GRC,2015,55.19246382639827
GRC,2016,55.85158018539099
GRC,2017,56.43663225442898
GRC,2018,56.900060448046474
GRC,2019,57.28972864776905
GRC,2020,57.63851940084219
GRC,2021,58.382343883907375
GRC,2022,58.922929806342374
GRC,2023,58.906245109258684
HUN,1990,50.68179451273033
HUN,1991,49.89503560610724
HUN,1992,49.210057368222024
HUN,1993,48.60970082278576
HUN,1994,48.154591137872146
HUN,1995,47.861766173195974
HUN,1996,47.58990738021176
HUN,1997,47.302811074815985
HUN,1998,47.106141806115524
HUN,1999,46.86246741420101
HUN,2000,46.51349690012087
HUN,2001,46.07969475127922
HUN,2002,45.7484195392198
HUN,2003,45.52609579316164
HUN,2004,45.288275979050155
HUN,2005,45.11497125988245
HUN,2006,44.980492195798675
HUN,2007,44.95785448455875
HUN,2008,45.05488153711944
HUN,2009,45.24082442507382
HUN,2010,45.34743917296334
HUN,2011,45.492137125278546
HUN,2012,45.918319317644944
HUN,2013,46.55185645517238
HUN,2014,47.38323449866512
HUN,2015,48.25169703849344
HUN,2016,49.14196899236178
HUN,2017,49.95950667989464
HUN,2018,50.77444016607462
HUN,2019,51.866154849897285
HUN,2020,53.018285446645294
HUN,2021,53.77584557353639
HUN,2022,54.22137830622077
HUN,2023,54.570348045646355
IRL,1990,62.57665078517608
IRL,1991,61.24323350206331
IRL,1992,59.907733871627315
IRL,1993,58.48436853268147
IRL,1994,56.94036776048317
IRL,1995,55.27880852147753
IRL,1996,53.693947284916746
IRL,1997,52.31151187634572
IRL,1998,51.1260689188045
IRL,1999,50.110600408499906
IRL,2000,49.18559368250445
IRL,2001,48.28963679376992
IRL,2002,47.56126577147961
IRL,2003,47.15419314526121
IRL,2004,46.809691701458085
IRL,2005,46.240453748402224
IRL,2006,45.469983817723715
IRL,2007,45.0913998816561
IRL,2008,45.55784631615328
IRL,2009,46.67725070324875
IRL,2010,48.074864886278476
IRL,2011,49.41734827566408
IRL,2012,50.53694780877772
IRL,2013,51.39799874266555
IRL,2014,52.046457378433594
IRL,2015,52.50467378231916
IRL,2016,52.777436506090766
IRL,2017,52.94159765073911
IRL,2018,53.02875602989327
IRL,2019,53.037168702209094
IRL,2020,53.053557171269794
IRL,2021,53.044823515530624
IRL,2022,52.94664068672943
IRL,2023,52.808810976723684
ISL,1990,55.24255697636874
ISL,1991,55.15545818939056
ISL,1992,55.30694683237056
ISL,1993,55.665277597421756
ISL,1994,55.64644000163826
ISL,1995,55.40436113903237
ISL,1996,55.114613015239435
ISL,1997,54.72516435354273
ISL,1998,54.21109791850722
ISL,1999,53.77165507109793
ISL,2000,53.51096990441253
ISL,2001,53.33143216878037
ISL,2002,53.1259153534396
ISL,2003,52.69209064874928
ISL,2004,52.070392835758724
ISL,2005,51.02376311195484
ISL,2006,49.603561543992356
ISL,2007,48.47364257598429
ISL,2008,48.07934538193829
ISL,2009,48.591063047595945
ISL,2010,49.398490236329216
ISL,2011,49.88934986585727
ISL,2012,50.322471783718925
ISL,2013,50.74075108714883
ISL,2014,51.07241080163168
ISL,2015,51.222109973898455
ISL,2016,51.07891311495345
ISL,2017,50.550423723240556
ISL,2018,49.924340958744565
ISL,2019,49.63790219831754
ISL,2020,49.90714227276446
ISL,2021,50.35882367186806
ISL,2022,50.35167058286398
ISL,2023,50.15983024120544
ITA,1990,45.8326814441136
ITA,1991,45.12283922484079
ITA,1992,44.746753581697526
ITA,1993,45.01467859775426
ITA,1994,45.920085858719915
ITA,1995,46.27607101541361
ITA,1996,46.07987498131941
ITA,1997,46.554614730942916
ITA,1998,47.01996397843543
ITA,1999,47.54382480323452
ITA,2000,48.129444629317575
ITA,2001,48.70751758667852
ITA,2002,49.34738080275158
ITA,2003,49.8629152573739
ITA,2004,50.337203479249936
ITA,2005,50.94991371592751
ITA,2006,51.561516850994714
ITA,2007,51.90292803581208
ITA,2008,52.04706580694809
ITA,2009,52.3275513333924
ITA,2010,52.66012782133106
ITA,2011,53.12713779910055
ITA,2012,53.770789698464505
ITA,2013,54.43637543858976
ITA,2014,55.09989980077662
ITA,2015,55.60664253279568
ITA,2016,55.919769014988866
ITA,2017,56.12998478310196
ITA,2018,56.30790261792603
ITA,2019,56.56328472885538
ITA,2020,56.752609141443514
ITA,2021,56.92835478458645
ITA,2022,57.03263587874044
ITA,2023,57.14182383966264
JPN,1990,43.22590964801849
JPN,1991,42.936121526282065
JPN,1992,42.888305213783816
JPN,1993,42.94631582552742
JPN,1994,43.135024542937686
JPN,1995,43.4666246286158
JPN,1996,43.95205293276223
JPN,1997,44.56765341159455
JPN,1998,45.21024634286444
JPN,1999,45.87917509600987
JPN,2000,46.67558355415674
JPN,2001,47.605853122511746
JPN,2002,48.534448261452326
JPN,2003,49.34828018236912
JPN,2004,50.29324834976927
JPN,2005,51.5938532384092
JPN,2006,53.01465218158916
JPN,2007,54.3702199499157
JPN,2008,55.72901096993128
JPN,2009,56.78668824973848
JPN,2010,57.40335953609087
JPN,2011,58.584753783996156
JPN,2012,60.536246332026835
JPN,2013,62.60730222319888
JPN,2014,64.46533807973576
JPN,2015,66.02299419971357
JPN,2016,67.32278760164425
JPN,2017,68.30951862499029
JPN,2018,69.02295372542262
JPN,2019,69.4781102585107
JPN,2020,69.89156910548571
JPN,2021,70.25699363258023
JPN,2022,70.24633316578326
JPN,2023,70.10013993066416
LTU,1990,50.19148420260405
LTU,1991,50.584163298226756
LTU,1992,51.03412327188611
LTU,1993,51.44328319785762
LTU,1994,51.601829762450066
LTU,1995,51.690830342655225
LTU,1996,51.81932991668009
LTU,1997,51.91550677071029
LTU,1998,51.86753114833922
LTU,1999,51.5663087924886
LTU,2000,51.04519871551396
LTU,2001,50.5333131512989
LTU,2002,49.97880823434041
LTU,2003,49.47298209894185
LTU,2004,49.20176422587145
LTU,2005,48.99930265774846
LTU,2006,48.723895273632294
LTU,2007,48.31940622554341
LTU,2008,47.95569421737646
LTU,2009,47.76356267738055
LTU,2010,48.21835931424744
LTU,2011,48.85872717798468
LTU,2012,49.0656281931788
LTU,2013,49.26791303168739
LTU,2014,49.67476430922385
LTU,2015,50.3619191061471
LTU,2016,51.326892805658154
LTU,2017,52.46970064299644
LTU,2018,53.32182911614763
LTU,2019,53.768802714472244
LTU,2020,53.96363210043466
LTU,2021,53.98120236028699
LTU,2022,53.6328325704064
LTU,2023,53.24101966966238
LUX,1990,44.37638714019427
LUX,1991,44.961193850948426
LUX,1992,45.62268620803612
LUX,1993,46.346267843401485
LUX,1994,47.106608251186564
LUX,1995,47.801915592401286
LUX,1996,48.37095514753816
LUX,1997,48.80797803273803
LUX,1998,49.13318748924605
LUX,1999,49.38956676244812
LUX,2000,49.200139522477485
LUX,2001,48.94295285033346
LUX,2002,48.99866087380489
LUX,2003,48.83520133929601
LUX,2004,48.6414136825574
LUX,2005,48.42736390004818
LUX,2006,48.06877171437433
LUX,2007,47.68015703552375
LUX,2008,47.21300017473353
LUX,2009,46.75422691961851
LUX,2010,46.3029820293268
LUX,2011,45.597083260770646
LUX,2012,44.99392383631224
LUX,2013,44.80062465522709
LUX,2014,44.659257564253245
LUX,2015,44.4196253128098
LUX,2016,44.07998970174674
LUX,2017,43.862857253140405
LUX,2018,43.827005696765525
LUX,2019,43.86308896757517
LUX,2020,44.00854339657122
LUX,2021,44.19753086419753
LUX,2022,44.34437443227151
LUX,2023,44.77254311590188
LVA,1990,49.68308665782745
LVA,1991,50.410445389710326
LVA,1992,51.502778157676964
LVA,1993,52.0374148852879
LVA,1994,52.24896733710985
LVA,1995,52.22879993727212
LVA,1996,51.954357208274914
LVA,1997,51.46540705474817
LVA,1998,50.58552940706009
LVA,1999,49.43314371444646
LVA,2000,48.493272001314615
LVA,2001,47.77830188082739
LVA,2002,47.174399433261726
LVA,2003,46.73103377509564
LVA,2004,46.41989494312708
LVA,2005,46.19350330907441
LVA,2006,46.16551865913071
LVA,2007,46.23830930948494
LVA,2008,46.55738521476208
LVA,2009,47.28069698880645
LVA,2010,47.998526756514764
LVA,2011,48.62434507655596
LVA,2012,49.340369974225574
LVA,2013,50.38158641919962
LVA,2014,51.71704796654859
LVA,2015,53.00224451694916
LVA,2016,54.27578746480736
LVA,2017,55.47984463606992
LVA,2018,56.32563104622508
LVA,2019,57.10283312140811
LVA,2020,57.90309367091132
LVA,2021,58.35371761378294
LVA,2022,58.573500587673955
LVA,2023,58.79103047080672
NLD,1990,45.18209676734943
NLD,1991,45.42751682016859
NLD,1992,45.69261573724033
NLD,1993,45.94116278805625
NLD,1994,46.21267357769537
NLD,1995,46.479337931463164
NLD,1996,46.67835648441104
NLD,1997,46.90142186374289
NLD,1998,47.16116795712436
NLD,1999,47.39849002227278
NLD,2000,47.59972577456775
NLD,2001,47.72345845404891
NLD,2002,47.778007873293035
NLD,2003,47.88372080729428
NLD,2004,48.04868960309828
NLD,2005,48.16872595927089
NLD,2006,48.21366282878527
NLD,2007,48.25413523342045
NLD,2008,48.38349031761584
NLD,2009,48.63787331800592
NLD,2010,48.9390840593512
NLD,2011,49.63220919194662
NLD,2012,50.646035141110836
NLD,2013,51.42895916984028
NLD,2014,52.014961185501605
NLD,2015,52.4272622166642
NLD,2016,52.697267244520575
NLD,2017,52.984089250934765
NLD,2018,53.259576442194124
NLD,2019,53.51250129218725
NLD,2020,53.82237353452465
NLD,2021,54.199125236843194
NLD,2022,54.445596372108426
NLD,2023,54.62649085532618
NOR,1990,54.44700229259581
NOR,1991,54.54788094350488
NOR,1992,54.69278706794009
NOR,1993,54.770379787635356
NOR,1994,54.798595729719025
NOR,1995,54.84123852104654
NOR,1996,54.88780068412665
NOR,1997,54.87672006353762
NOR,1998,54.72905877620795
NOR,1999,54.502919926659885
NOR,2000,54.24902241280712
NOR,2001,53.94260086627332
NOR,2002,53.5644614689625
NOR,2003,53.15501024141558
NOR,2004,52.7570832006829
NOR,2005,52.32209862457486
NOR,2006,51.79583234403534
NOR,2007,51.26844216876372
NOR,2008,50.92175904619683
NOR,2009,50.8957069938457
NOR,2010,51.03827692368525
NOR,2011,51.22307464968651
NOR,2012,51.44406156895395
NOR,2013,51.671601833690495
NOR,2014,51.888856793045775
NOR,2015,52.10445668446971
NOR,2016,52.416185960757154
NOR,2017,52.81872178251943
NOR,2018,53.19602768415971
NOR,2019,53.45068464496337
NOR,2020,53.702403677331745
NOR,2021,53.99426029469592
NOR,2022,54.12189436981101
NOR,2023,53.942338290988225
NZL,1990,52.2165060145131
NZL,1991,52.312380049261506
NZL,1992,52.37793628577001
NZL,1993,52.61044519852987
NZL,1994,52.777190443573076
NZL,1995,52.831992610945036
NZL,1996,52.78932636365088
NZL,1997,52.74986517793483
NZL,1998,52.77801694534472
NZL,1999,52.78028974514443
NZL,2000,52.71729663821634
NZL,2001,52.48488806578637
NZL,2002,51.96515558483974
NZL,2003,51.34933615547431
NZL,2004,50.84773660121505
NZL,2005,50.50374830387929
NZL,2006,50.36864501486582
NZL,2007,50.442997960873704
NZL,2008,50.604709835444254
NZL,2009,50.8301336353722
NZL,2010,51.162390733255904
NZL,2011,51.638047175897015
NZL,2012,52.24257411209676
NZL,2013,52.703009302229646
NZL,2014,52.75434706437024
NZL,2015,52.51747809798852
NZL,2016,52.30755263367903
NZL,2017,52.257834938066985
NZL,2018,52.37108574736795
NZL,2019,52.596595182905304
NZL,2020,52.998129298586505
NZL,2021,53.627031299475725
NZL,2022,54.051472367009815
NZL,2023,54.2574461849167
POL,1990,54.03155282408094
POL,1991,53.67517925733869
POL,1992,53.18873847755251
POL,1993,52.65956488298077
POL,1994,52.07997672634113
POL,1995,51.408429928867264
POL,1996,50.651997375784674
POL,1997,49.74619250005579
POL,1998,48.598670818855624
POL,1999,47.458211661772594
POL,2000,46.383522119109415
POL,2001,45.355877790179996
POL,2002,44.48361300075586
POL,2003,43.660924664837225
POL,2004,42.9286318913617
POL,2005,42.282987328555
POL,2006,41.67015692104442
POL,2007,41.11824198572513
POL,2008,40.708941938907365
POL,2009,40.24614351257238
POL,2010,40.142725841061676
POL,2011,40.60388674811982
POL,2012,41.18129769619138
POL,2013,41.91879943581972
POL,2014,42.80603568966062
POL,2015,43.83625215850488
POL,2016,45.028041683187745
POL,2017,46.355225695431365
POL,2018,47.76125344079762
POL,2019,49.21084894155355
POL,2020,50.52270640809509
POL,2021,51.509034748307116
POL,2022,52.30661794575603
POL,2023,53.04017108364096
PRT,1990,51.49836395052001
PRT,1991,50.534922900280066
PRT,1992,49.788196878624305
PRT,1993,49.33152301376247
PRT,1994,48.97857153294488
PRT,1995,48.64878168256911
PRT,1996,48.398142122963215
PRT,1997,48.25125014408664
PRT,1998,48.18722102397728
PRT,1999,48.16362018371266
PRT,2000,48.187116261373006
PRT,2001,48.379338419098225
PRT,2002,48.700366997510535
PRT,2003,49.01732229568968
PRT,2004,49.37349639633799
PRT,2005,49.680355653144694
PRT,2006,49.84858188191964
PRT,2007,49.95015630113531
PRT,2008,50.13349399632507
PRT,2009,50.45682681895746
PRT,2010,50.840593529993505
PRT,2011,51.31816266450338
PRT,2012,51.84756386826397
PRT,2013,52.45202204274426
PRT,2014,53.068451851416896
PRT,2015,53.54617461887607
PRT,2016,54.1064166804349
PRT,2017,54.778705955470706
PRT,2018,55.400095683628706
PRT,2019,56.05976909024457
PRT,2020,56.74080629625165
PRT,2021,57.322620483125874
PRT,2022,57.953494061113375
PRT,2023,58.74315545828567
SVK,1990,55.05593550087971
SVK,1991,54.27023866490772
SVK,1992,53.44825092661638
SVK,1993,52.546274016426494
SVK,1994,51.537503068260214
SVK,1995,50.46634191897097
SVK,1996,49.44056027684556
SVK,1997,48.42187250139233
SVK,1998,47.330968246246016
SVK,1999,46.16959077000425
SVK,2000,44.97049459056284
SVK,2001,43.7473693099929
SVK,2002,42.610836850479494
SVK,2003,41.60069591120544
SVK,2004,40.75052379154603
SVK,2005,40.06094811068677
SVK,2006,39.45038465910654
SVK,2007,38.95003263939608
SVK,2008,38.60069603960319
SVK,2009,38.54366754495256
SVK,2010,38.714261272051075
SVK,2011,38.99014033195117
SVK,2012,39.461206624200926
SVK,2013,40.114371408907814
SVK,2014,40.89094921773027
SVK,2015,41.80809867946821
SVK,2016,42.997471186162194
SVK,2017,44.39361636890564
SVK,2018,45.80201304644259
SVK,2019,47.17437669796444
SVK,2020,48.40938137790993
SVK,2021,49.45682712632274
SVK,2022,50.46412768095716
SVK,2023,51.41882075165035
SVN,1990,45.89206025630542
SVN,1991,45.44983021157355
SVN,1992,45.00714686220791
SVN,1993,44.64680472805547
SVN,1994,44.229006991628026
SVN,1995,43.98724147562407
SVN,1996,43.765732966465734
SVN,1997,43.40116514164241
SVN,1998,43.195046922861806
SVN,1999,42.88663359380911
SVN,2000,42.5645686629814
SVN,2001,42.42445907888801
SVN,2002,42.25568693235878
SVN,2003,42.01624581490587
SVN,2004,41.93139150847852
SVN,2005,42.04512130264276
SVN,2006,42.22091826755449
SVN,2007,42.465220592543545
SVN,2008,43.00522973477774
SVN,2009,43.57139538779699
SVN,2010,43.89636224046483
SVN,2011,44.450308273205636
SVN,2012,45.374042456963565
SVN,2013,46.446461248405754
SVN,2014,47.60553862585212
SVN,2015,48.90260393440447
SVN,2016,50.21633622169589
SVN,2017,51.54860782609653
SVN,2018,52.78249261832776
SVN,2019,53.749455202958984
SVN,2020,54.463108894626025
SVN,2021,55.26313463637529
SVN,2022,56.194955646518096
SVN,2023,56.89267618472612
SWE,1990,55.556098783571116
SWE,1991,55.94168610197856
SWE,1992,56.358734817238656
SWE,1993,56.72884903388221
SWE,1994,56.97011528280112
SWE,1995,57.0179793657014
SWE,1996,56.90208728982773
SWE,1997,56.68839258053872
SWE,1998,56.38478863255404
SWE,1999,55.98102773201804
SWE,2000,55.51042092816425
SWE,2001,55.011155416806936
SWE,2002,54.52132439177171
SWE,2003,54.05066586782934
SWE,2004,53.62337110404163
SWE,2005,53.11070241973855
SWE,2006,52.56604162872329
SWE,2007,52.28023542940164
SWE,2008,52.37376939288727
SWE,2009,52.822013302897716
SWE,2010,53.566802633755096
SWE,2011,54.559702880431324
SWE,2012,55.67816198723813
SWE,2013,56.842865026699805
SWE,2014,57.934910243126794
SWE,2015,58.836098148773395
SWE,2016,59.487308065989865
SWE,2017,59.94377468782754
SWE,2018,60.3159015203771
SWE,2019,60.58412394687277
SWE,2020,60.76106782529358
SWE,2021,60.89303122502896
SWE,2022,60.851065983665706
SWE,2023,60.736055655034946
USA,1990,51.23848208627398
USA,1991,51.65413737563726
USA,1992,51.99772775503717
USA,1993,52.1602619489498
USA,1994,52.14455500975757
USA,1995,51.96911024859059
USA,1996,51.675401915548726
USA,1997,51.29323877081886
USA,1998,50.86534307495677
USA,1999,50.44513704344822
USA,2000,50.03583313852309
USA,2001,49.638502780659785
USA,2002,49.25236743932578
USA,2003,48.87487974037998
USA,2004,48.49791999663086
USA,2005,48.095682939610455
USA,2006,47.80328113572911
USA,2007,47.77358207074821
USA,2008,47.918742483039644
USA,2009,48.09797159411352
USA,2010,48.24611710512727
USA,2011,48.511248360641865
USA,2012,48.99353474083791
USA,2013,49.500091606639316
USA,2014,49.95937336268381
USA,2015,50.380279277356244
USA,2016,50.78853268992225
USA,2017,51.23575688789984
USA,2018,51.69432641017969
USA,2019,52.16375152152819
USA,2020,52.58968163787995
USA,2021,52.95170897936057
USA,2022,53.37763359905395
USA,2023,53.90879969209305
