iso3,year,ln_gdppc
AUS,1980,4.789221146501001
AUS,1981,4.800729091211559
AUS,1982,4.767873481989318
AUS,1983,4.777742952368239
AUS,1984,4.7780115473978775
AUS,1985,4.775064392146821
AUS,1986,4.763972069321209
AUS,1987,4.776297739722435
AUS,1988,4.761772597862604
AUS,1989,4.750930130417841
AUS,1990,4.710575618637135
AUS,1991,4.696036588642009
AUS,1992,4.71012099072586
AUS,1993,4.7335094063348775
AUS,1994,4.739183479979496
AUS,1995,4.747579889513116
AUS,1996,4.749262322135956
AUS,1997,4.754717228175217
AUS,1998,4.771956941845173
AUS,1999,4.7739750947561586
AUS,2000,4.74914305863426
AUS,2001,4.768282674294978
AUS,2002,4.778742269194421
AUS,2003,4.794771464526502
AUS,2004,4.789294250621615
AUS,2005,4.7828332086421455
AUS,2006,4.782242765974778
AUS,2007,4.780375851440511
AUS,2008,4.783138163024782
AUS,2009,4.826297057169206
AUS,2010,4.810520361946838
AUS,2011,4.8206801474510605
AUS,2012,4.821717791802769
AUS,2013,4.819229472026049
AUS,2014,4.810147102719961
AUS,2015,4.803336991149812
AUS,2016,4.797988483731964
AUS,2017,4.7886360461504776
AUS,2018,4.777980285276547
AUS,2019,4.7508328759630585
AUS,2020,4.80280171148459
AUS,2021,4.785529151492383
AUS,2022,4.782366732322584
AUS,2023,4.761013466843414
AUT,1980,4.913386346094862
AUT,1981,4.895954344491877
AUT,1982,4.92213587233514
AUT,1983,4.931975050933698
AUT,1984,4.89335399255026
AUT,1985,4.889006874418568
AUT,1986,4.889254642272416
AUT,1987,4.873622603063927
AUT,1988,4.868414378589861
AUT,1989,4.8730206123726525
AUT,1990,4.886238148358126
AUT,1991,4.903976684426986
AUT,1992,4.899309413569471
AUT,1993,4.889585618777472
AUT,1994,4.886617142944438
AUT,1995,4.893019881890277
AUT,1996,4.888975011623495
AUT,1997,4.8796409395149745
AUT,1998,4.89102445652723
AUT,1999,4.900552505296181
AUT,2000,4.896046551250088
AUT,2001,4.898543805811965
AUT,2002,4.899730764680981
AUT,2003,4.892823343021826
AUT,2004,4.886014725699828
AUT,2005,4.880524520668088
AUT,2006,4.883227369949593
AUT,2007,4.8977821714247485
AUT,2008,4.912477921549402
AUT,2009,4.915473754577749
AUT,2010,4.90717236207244
AUT,2011,4.918035472616822
AUT,2012,4.912103689737798
AUT,2013,4.892609391450073
AUT,2014,4.876720589922009
AUT,2015,4.860110228224796
AUT,2016,4.855956094627094
AUT,2017,4.850896621589898
AUT,2018,4.853204168374087
AUT,2019,4.855058027177346
AUT,2020,4.829811519066976
AUT,2021,4.816476100126434
AUT,2022,4.83151059789385
AUT,2023,4.804302644424604
BEL,1980,4.903295368847349
BEL,1981,4.886350165574742
BEL,1982,4.89845662460084
BEL,1983,4.879989015524736
BEL,1984,4.865055495769409
BEL,1985,4.852678100902916
BEL,1986,4.848668996183239
BEL,1987,4.8418788655099725
BEL,1988,4.848370755767715
BEL,1989,4.849822868476431
BEL,1990,4.856200844010026
BEL,1991,4.864446094080982
BEL,1992,4.861166642006556
BEL,1993,4.840895201705564
BEL,1994,4.846828311885222
BEL,1995,4.849925871550885
BEL,1996,4.836491718272876
BEL,1997,4.841924355183588
BEL,1998,4.837371678014597
BEL,1999,4.844380784233399
BEL,2000,4.844953328253424
BEL,2001,4.84568338377005
BEL,2002,4.849517414042734
BEL,2003,4.841869110688723
BEL,2004,4.846778348285132
BEL,2005,4.842607382690437
BEL,2006,4.836919037274175
BEL,2007,4.846473509969161
BEL,2008,4.846471875912966
BEL,2009,4.8610867006283325
BEL,2010,4.854807256067728
BEL,2011,4.846214156547357
BEL,2012,4.834471880953418
BEL,2013,4.821850366650982
BEL,2014,4.81932867626629
BEL,2015,4.808570230658461
BEL,2016,4.802970698230479
BEL,2017,4.792529249877289
BEL,2018,4.789183843704799
BEL,2019,4.796880513349484
BEL,2020,4.7878797924810215
BEL,2021,4.786915101556447
BEL,2022,4.791996813030336
BEL,2023,4.789733968780118
BGR,1980,
BGR,1981,
BGR,1982,
BGR,1983,
BGR,1984,
BGR,1985,
BGR,1986,
BGR,1987,
BGR,1988,
BGR,1989,
BGR,1990,
BGR,1991,
BGR,1992,
BGR,1993,
BGR,1994,
BGR,1995,3.5879632976444675
BGR,1996,3.6192544185676705
BGR,1997,3.4437447987843424
BGR,1998,3.465756965077915
BGR,1999,3.3582118678654416
BGR,2000,3.374503755879579
BGR,2001,3.4372141857244074
BGR,2002,3.4912912528811586
BGR,2003,3.5343238506495
BGR,2004,3.5769778700134234
BGR,2005,3.6288593495401282
BGR,2006,3.675676781125158
BGR,2007,3.7259964656532225
BGR,2008,3.793687814862293
BGR,2009,3.806582753258115
BGR,2010,3.8048573058502515
BGR,2011,3.835826737378517
BGR,2012,3.8470041556178924
BGR,2013,3.8451481892774964
BGR,2014,3.851163681071225
BGR,2015,3.8776848412096996
BGR,2016,3.908081347290365
BGR,2017,3.927188958769713
BGR,2018,3.946538995631141
BGR,2019,3.986851310936634
BGR,2020,4.0094793714354715
BGR,2021,4.033980179457213
BGR,2022,4.054867322835445
BGR,2023,4.063657665587945
CAN,1980,4.836855948507299
CAN,1981,4.844664610221245
CAN,1982,4.807580538278527
CAN,1983,4.801921128336572
CAN,1984,4.810595712032733
CAN,1985,4.819189267651871
CAN,1986,4.80837205713872
CAN,1987,4.806623704055567
CAN,1988,4.800600940543701
CAN,1989,4.776740268932843
CAN,1990,4.741990083049896
CAN,1991,4.702315635200235
CAN,1992,4.684963268661746
CAN,1993,4.693472083231462
CAN,1994,4.703622569350569
CAN,1995,4.701348388951287
CAN,1996,4.683033283112318
CAN,1997,4.6855742560546805
CAN,1998,4.693613579652236
CAN,1999,4.710161965671164
CAN,2000,4.717459563544706
CAN,2001,4.71841625181077
CAN,2002,4.728510250496939
CAN,2003,4.723628033907456
CAN,2004,4.71890887651718
CAN,2005,4.719417538476866
CAN,2006,4.7110291673912235
CAN,2007,4.702398815299894
CAN,2008,4.7049065104914956
CAN,2009,4.705782665541169
CAN,2010,4.701224425275128
CAN,2011,4.707651717344855
CAN,2012,4.706516032635922
CAN,2013,4.708017869125093
CAN,2014,4.710753911732692
CAN,2015,4.690028075887971
CAN,2016,4.676641445067065
CAN,2017,4.673353762083853
CAN,2018,4.668682934325585
CAN,2019,4.661934018657795
CAN,2020,4.643826865104077
CAN,2021,4.638575425854773
CAN,2022,4.640775177985143
CAN,2023,4.620320222435701
CHE,1980,5.313370729016563
CHE,1981,5.308961610053469
CHE,1982,5.296862859264989
CHE,1983,5.279882727928527
CHE,1984,5.2667583792694375
CHE,1985,5.269956672138578
CHE,1986,5.260456379747746
CHE,1987,5.240722744642005
CHE,1988,5.228849210702795
CHE,1989,5.234531911118626
CHE,1990,5.238083593340332
CHE,1991,5.210512483906962
CHE,1992,5.186577999205886
CHE,1993,5.172015934655588
CHE,1994,5.154932957706552
CHE,1995,5.132419723857106
CHE,1996,5.107980916133357
CHE,1997,5.09798711423965
CHE,1998,5.102662727944919
CHE,1999,5.0884181209307915
CHE,2000,5.088512767032308
CHE,2001,5.092452107113842
CHE,2002,5.07598885175131
CHE,2003,5.054613735392884
CHE,2004,5.048755530151805
CHE,2005,5.048347337728487
CHE,2006,5.057763080455644
CHE,2007,5.068049856238538
CHE,2008,5.087380490952029
CHE,2009,5.094788428532953
CHE,2010,5.095149852738685
CHE,2011,5.089480706836646
CHE,2012,5.082627988722305
CHE,2013,5.077837632869156
CHE,2014,5.073274118201497
CHE,2015,5.05769908004309
CHE,2016,5.055026903553579
CHE,2017,5.038065645089411
CHE,2018,5.041692907833557
CHE,2019,5.034848507240228
CHE,2020,5.050108981659069
CHE,2021,5.039338325739828
CHE,2022,5.035203710356696
CHE,2023,5.016237697950315
CZE,1980,
CZE,1981,
CZE,1982,
CZE,1983,
CZE,1984,
CZE,1985,
CZE,1986,
CZE,1987,
CZE,1988,
CZE,1989,
CZE,1990,4.4687745925967555
CZE,1991,4.344422997348441
CZE,1992,4.324079052169299
CZE,1993,4.316726183341207
CZE,1994,4.322009662575956
CZE,1995,4.364491666793497
CZE,1996,4.3822139046377675
CZE,1997,4.347941492870702
CZE,1998,4.322995029270266
CZE,1999,4.312410926407223
CZE,2000,4.319236251319353
CZE,2001,4.345946414007728
CZE,2002,4.3546510570870645
CZE,2003,4.3732477881149565
CZE,2004,4.393154675220008
CZE,2005,4.430676622352381
CZE,2006,4.4673411373696394
CZE,2007,4.496116503421536
CZE,2008,4.515032928520669
CZE,2009,4.501859811797803
CZE,2010,4.502307935953218
CZE,2011,4.507126194724185
CZE,2012,4.49071610446025
CZE,2013,4.479769081390126
CZE,2014,4.486259322072448
CZE,2015,4.514697319495692
CZE,2016,4.527193325482124
CZE,2017,4.555722366610873
CZE,2018,4.564972288345526
CZE,2019,4.5874467903907465
CZE,2020,4.581946890672216
CZE,2021,4.564055971692463
CZE,2022,4.542148306168426
CZE,2023,4.520918405080944
DEU,1980,4.884603087393501
DEU,1981,4.874976123165708
DEU,1982,4.879064629416331
DEU,1983,4.876314866455938
DEU,1984,4.868495803592155
DEU,1985,4.865240043392542
DEU,1986,4.865702835611227
DEU,1987,4.850787007020941
DEU,1988,4.845873679109289
DEU,1989,4.847907378056433
DEU,1990,4.8687282222418045
DEU,1991,4.904790142502884
DEU,1992,4.9037772577137755
DEU,1993,4.881742293195572
DEU,1994,4.882042460025249
DEU,1995,4.876601855467726
DEU,1996,4.860375222693903
DEU,1997,4.848776515278515
DEU,1998,4.848449728634359
DEU,1999,4.844361220902608
DEU,2000,4.838792435475562
DEU,2001,4.847526472999578
DEU,2002,4.835883629236739
DEU,2003,4.8171344978101365
DEU,2004,4.8039770109769
DEU,2005,4.7926344298030035
DEU,2006,4.808300473263761
DEU,2007,4.81979888461718
DEU,2008,4.834899340535728
DEU,2009,4.8232501710614555
DEU,2010,4.842355528289722
DEU,2011,4.864649870976725
DEU,2012,4.860202436816256
DEU,2013,4.851567633485159
DEU,2014,4.854567253974641
DEU,2015,4.844204409143199
DEU,2016,4.8473958070199945
DEU,2017,4.851683469418354
DEU,2018,4.844128179211783
DEU,2019,4.842261998444667
DEU,2020,4.845434465637919
DEU,2021,4.8278713114464145
DEU,2022,4.813664300363797
DEU,2023,4.785036330723644
DNK,1980,4.9525426487037585
DNK,1981,4.932191856353003
DNK,1982,4.978010582086169
DNK,1983,4.983949158926175
DNK,1984,4.98779258803986
DNK,1985,4.999597116952815
DNK,1986,5.022694930153404
DNK,1987,4.997294047447583
DNK,1988,4.963350977568944
DNK,1989,4.940864991916933
DNK,1990,4.933993112519015
DNK,1991,4.939673986509536
DNK,1992,4.9420349455620896
DNK,1993,4.9309848894618185
DNK,1994,4.956587240420058
DNK,1995,4.96337900493884
DNK,1996,4.9611940169988005
DNK,1997,4.9586967600073875
DNK,1998,4.956381769917115
DNK,1999,4.95691334765621
DNK,2000,4.95660573322793
DNK,2001,4.955788261074037
DNK,2002,4.948325299503332
DNK,2003,4.936342962385252
DNK,2004,4.935370394498453
DNK,2005,4.934203803123687
DNK,2006,4.944015483243741
DNK,2007,4.9302839299043075
DNK,2008,4.923642171485469
DNK,2009,4.909102989626637
DNK,2010,4.896447151561675
DNK,2011,4.890650864649626
DNK,2012,4.879210321410733
DNK,2013,4.878069659738961
DNK,2014,4.869844426559108
DNK,2015,4.86416354456164
DNK,2016,4.8739126739650755
DNK,2017,4.876473767741073
DNK,2018,4.872527135466597
DNK,2019,4.874485825872137
DNK,2020,4.898765088157626
DNK,2021,4.899996904562806
DNK,2022,4.869941980796486
DNK,2023,4.858200050954672
ESP,1980,4.5185106016576215
ESP,1981,4.49760773674176
ESP,1982,4.511616692306796
ESP,1983,4.503382314164746
ESP,1984,4.477791506544645
ESP,1985,4.468506326594052
ESP,1986,4.475611167314316
ESP,1987,4.498656761541818
ESP,1988,4.509927192926686
ESP,1989,4.526110355132845
ESP,1990,4.540006082548042
ESP,1991,4.557260948688621
ESP,1992,4.549793936091348
ESP,1993,4.53050935334286
ESP,1994,4.529413487739841
ESP,1995,4.536772119712299
ESP,1996,4.533747156915835
ESP,1997,4.535412940298741
ESP,1998,4.551592431576033
ESP,1999,4.565419648502684
ESP,2000,4.578055277005191
ESP,2001,4.604533393278644
ESP,2002,4.607106280546873
ESP,2003,4.603800838860113
ESP,2004,4.593029788689183
ESP,2005,4.587733059088481
ESP,2006,4.58722334046323
ESP,2007,4.583189398823103
ESP,2008,4.577891215154842
ESP,2009,4.573064593026451
ESP,2010,4.545925351202571
ESP,2011,4.5210719290138215
ESP,2012,4.4840207453434875
ESP,2013,4.4622924866796385
ESP,2014,4.464987522622267
ESP,2015,4.486240558246163
ESP,2016,4.501651506441626
ESP,2017,4.507186009238434
ESP,2018,4.509062728442316
ESP,2019,4.509508418384019
ESP,2020,4.4326355011440715
ESP,2021,4.439772080343592
ESP,2022,4.466648442248583
ESP,2023,4.468423492677057
EST,1980,
EST,1981,
EST,1982,
EST,1983,
EST,1984,
EST,1985,
EST,1986,
EST,1987,
EST,1988,
EST,1989,
EST,1990,
EST,1991,
EST,1992,
EST,1993,3.725470583131641
EST,1994,3.7090103118503364
EST,1995,3.7546468058673104
EST,1996,3.794223759640379
EST,1997,3.9010151203616004
EST,1998,3.9308636211199035
EST,1999,3.9111768075036477
EST,2000,3.9578883058747256
EST,2001,4.014428950638181
EST,2002,4.0794793876203475
EST,2003,4.144920242519574
EST,2004,4.191354932247212
EST,2005,4.266130171445107
EST,2006,4.341041866490046
EST,2007,4.4005979772893165
EST,2008,4.354782870662267
EST,2009,4.240531659589661
EST,2010,4.24264756336924
EST,2011,4.303958019904461
EST,2012,4.335707566704797
EST,2013,4.345944016545891
EST,2014,4.366390906283541
EST,2015,4.3669058394778135
EST,2016,4.382986349000728
EST,2017,4.41681025887585
EST,2018,4.433058629300623
EST,2019,4.454309342044883
EST,2020,4.466412979696545
EST,2021,4.487329966196726
EST,2022,4.448047728132787
EST,2023,4.384197788512689
FIN,1980,4.7330162678172
FIN,1981,4.728109876549897
FIN,1982,4.759907436606205
FIN,1983,4.763430230797454
FIN,1984,4.750649198209503
FIN,1985,4.752710010757817
FIN,1986,4.7547600668796015
FIN,1987,4.758449143118356
FIN,1988,4.7703027549526125
FIN,1989,4.787256673488757
FIN,1990,4.768026603530369
FIN,1991,4.695846126090215
FIN,1992,4.6421621962733
FIN,1993,4.622773887614393
FIN,1994,4.634481821764191
FIN,1995,4.653732200323805
FIN,1996,4.661809720233304
FIN,1997,4.69142965870187
FIN,1998,4.72002311083728
FIN,1999,4.735198773447362
FIN,2000,4.755574161390317
FIN,2001,4.772598512152632
FIN,2002,4.778295621108285
FIN,2003,4.782039841472682
FIN,2004,4.792548311761381
FIN,2005,4.79490439274868
FIN,2006,4.806179925786397
FIN,2007,4.834484705650672
FIN,2008,4.841080510137815
FIN,2009,4.7939918545412645
FIN,2010,4.796719973049336
FIN,2011,4.801002320836453
FIN,2012,4.773196027573292
FIN,2013,4.747787127233551
FIN,2014,4.72310434800209
FIN,2015,4.704867247522406
FIN,2016,4.715161379488691
FIN,2017,4.724095919627493
FIN,2018,4.717105025342997
FIN,2019,4.718497380222554
FIN,2020,4.736057166484852
FIN,2021,4.703003425652847
FIN,2022,4.682183309101263
FIN,2023,4.654769023093408
FRA,1980,4.847570756958169
FRA,1981,4.840321166718237
FRA,1982,4.8655940614255195
FRA,1983,4.851732297657079
FRA,1984,4.823698302550953
FRA,1985,4.805787475478715
FRA,1986,4.8025284641757695
FRA,1987,4.793927546828897
FRA,1988,4.799061784297714
FRA,1989,4.8073070007174135
FRA,1990,4.808183704894917
FRA,1991,4.809507173290341
FRA,1992,4.805377869731403
FRA,1993,4.790870320621546
FRA,1994,4.78796588869044
FRA,1995,4.788848472008582
FRA,1996,4.774667191979934
FRA,1997,4.766758631219619
FRA,1998,4.77526224977758
FRA,1999,4.778183799637039
FRA,2000,4.778488770709474
FRA,2001,4.78336215275036
FRA,2002,4.778207720979025
FRA,2003,4.767109418994318
FRA,2004,4.762342159963349
FRA,2005,4.7520506790794155
FRA,2006,4.747733184349253
FRA,2007,4.747515510295896
FRA,2008,4.749340917095005
FRA,2009,4.757618094064885
FRA,2010,4.7487864214582425
FRA,2011,4.753431049133608
FRA,2012,4.742857238136108
FRA,2013,4.734773943040273
FRA,2014,4.724006009491043
FRA,2015,4.7105873900391
FRA,2016,4.7029999072622335
FRA,2017,4.698398172258519
FRA,2018,4.692771089173001
FRA,2019,4.697926325187477
FRA,2020,4.661616972792684
FRA,2021,4.666057944945618
FRA,2022,4.663426358181909
FRA,2023,4.6644023847156415
GBR,1980,4.658027534604894
GBR,1981,4.630769811508089
GBR,1982,4.659659734907595
GBR,1983,4.673743518814338
GBR,1984,4.659255638671121
GBR,1985,4.663492139874927
GBR,1986,4.678665636302893
GBR,1987,4.692682056043503
GBR,1988,4.703588331060933
GBR,1989,4.694298643713326
GBR,1990,4.67754331130775
GBR,1991,4.654914608993414
GBR,1992,4.650859327906634
GBR,1993,4.676199269653897
GBR,1994,4.699127678596195
GBR,1995,4.712642245766707
GBR,1996,4.711452154977369
GBR,1997,4.727090925086267
GBR,1998,4.734429340586028
GBR,1999,4.734425614695178
GBR,2000,4.741741225451822
GBR,2001,4.75476391581505
GBR,2002,4.75882934789735
GBR,2003,4.772160323222049
GBR,2004,4.764066987995189
GBR,2005,4.762277373892193
GBR,2006,4.752819523528724
GBR,2007,4.754435781769651
GBR,2008,4.749181209955619
GBR,2009,4.737085423336947
GBR,2010,4.727571704459187
GBR,2011,4.713011090935463
GBR,2012,4.713766701147227
GBR,2013,4.713169489979558
GBR,2014,4.721231393482113
GBR,2015,4.7155917389635365
GBR,2016,4.717071522760521
GBR,2017,4.720193202961326
GBR,2018,4.713304008473049
GBR,2019,4.709621332294915
GBR,2020,4.64648129927026
GBR,2021,4.667384320330483
GBR,2022,4.68217665201842
GBR,2023,4.66106589350541
GRC,1980,4.6192307513118935
GRC,1981,4.581253365393276
GRC,1982,4.570592964719802
GRC,1983,4.532866909007352
GRC,1984,4.508617445524915
GRC,1985,4.501008917612365
GRC,1986,4.480992940877053
GRC,1987,4.426258951429113
GRC,1988,4.428432864289936
GRC,1989,4.431440485262879
GRC,1990,4.402720274214454
GRC,1991,4.418705405886147
GRC,1992,4.4040071582391755
GRC,1993,4.3756468898098335
GRC,1994,4.36806615152231
GRC,1995,4.367785737742109
GRC,1996,4.3524975486158075
GRC,1997,4.353524724350261
GRC,1998,4.359922350095631
GRC,1999,4.3568775047703365
GRC,2000,4.359835638243451
GRC,2001,4.3933309494670505
GRC,2002,4.426826347572543
GRC,2003,4.46699416088108
GRC,2004,4.491049949086767
GRC,2005,4.478261148513484
GRC,2006,4.513411368624474
GRC,2007,4.526116469934413
GRC,2008,4.527478391917063
GRC,2009,4.524691685037124
GRC,2010,4.440892357593
GRC,2011,4.323670735016252
GRC,2012,4.234392521661493
GRC,2013,4.207703946462648
GRC,2014,4.2066800312387755
GRC,2015,4.1913758963538035
GRC,2016,4.182815773135486
GRC,2017,4.178196727765359
GRC,2018,4.183263635068989
GRC,2019,4.195799099468597
GRC,2020,4.145907339462552
GRC,2021,4.176848791709676
GRC,2022,4.210722255291462
GRC,2023,4.224044398801853
HUN,1980,
HUN,1981,
HUN,1982,
HUN,1983,
HUN,1984,
HUN,1985,
HUN,1986,
HUN,1987,
HUN,1988,
HUN,1989,
HUN,1990,
HUN,1991,4.062169760235017
HUN,1992,4.01879652033218
HUN,1993,4.0091969382743775
HUN,1994,4.018596587023887
HUN,1995,4.008383869434096
HUN,1996,3.9865028598536547
HUN,1997,3.988429318657121
HUN,1998,4.006663433726267
HUN,1999,4.014434655452356
HUN,2000,4.02668330374488
HUN,2001,4.0620353627700805
HUN,2002,4.10248928705169
HUN,2003,4.130192896574971
HUN,2004,4.154993779814489
HUN,2005,4.177466017990917
HUN,2006,4.193318144777052
HUN,2007,4.178969738943449
HUN,2008,4.194047624628117
HUN,2009,4.1677234698633425
HUN,2010,4.156721749359162
HUN,2011,4.163832517801362
HUN,2012,4.148492111844916
HUN,2013,4.1617834669278535
HUN,2014,4.192663544370841
HUN,2015,4.212601041341994
HUN,2016,4.228177644750314
HUN,2017,4.250758008632453
HUN,2018,4.289942444514961
HUN,2019,4.329682577902529
HUN,2020,4.332278829612747
HUN,2021,4.348595773929979
HUN,2022,4.366322721162562
HUN,2023,4.348710049802787
IRL,1980,4.401324097631334
IRL,1981,4.4083238494452255
IRL,1982,4.427198355403936
IRL,1983,4.396519811850535
IRL,1984,4.393121508307804
IRL,1985,4.391559081195851
IRL,1986,4.365114502369148
IRL,1987,4.381928954903368
IRL,1988,4.3999604825753496
IRL,1989,4.4334143864751905
IRL,1990,4.494125076934999
IRL,1991,4.501434804639422
IRL,1992,4.5117489789508
IRL,1993,4.526256678028518
IRL,1994,4.556010582084204
IRL,1995,4.625337942694846
IRL,1996,4.665064856749184
IRL,1997,4.7297091488881335
IRL,1998,4.7783664335049645
IRL,1999,4.842156419750643
IRL,2000,4.885439486608769
IRL,2001,4.914849395155524
IRL,2002,4.946098628956962
IRL,2003,4.945566669812169
IRL,2004,4.967942815199192
IRL,2005,4.979606838710047
IRL,2006,4.977935895407102
IRL,2007,4.9803856522799945
IRL,2008,4.916401183122144
IRL,2009,4.89646026674284
IRL,2010,4.884734750440279
IRL,2011,4.881877965566486
IRL,2012,4.865998371289822
IRL,2013,4.871830225771068
IRL,2014,4.938969446245983
IRL,2015,5.130232209603398
IRL,2016,5.117981560844699
IRL,2017,5.1787249280341685
IRL,2018,5.221123335871953
IRL,2019,5.242985380243996
IRL,2020,5.34312050259737
IRL,2021,5.424908778745635
IRL,2022,5.450717715439447
IRL,2023,5.395959302966408
ISL,1980,4.920538901517594
ISL,1981,4.9373536676043805
ISL,1982,4.951912483107292
ISL,1983,4.896166976187968
ISL,1984,4.887119867134587
ISL,1985,4.88303762207979
ISL,1986,4.914532430868089
ISL,1987,4.956800231800925
ISL,1988,4.903858991499728
ISL,1989,4.866032769650991
ISL,1990,4.847910837596901
ISL,1991,4.827030754631896
ISL,1992,4.766384774703154
ISL,1993,4.76241408544646
ISL,1994,4.7667047831897476
ISL,1995,4.74422425179078
ISL,1996,4.758014226820015
ISL,1997,4.761746219408945
ISL,1998,4.796272644244544
ISL,1999,4.796724250054901
ISL,2000,4.797507022021072
ISL,2001,4.815015457838343
ISL,2002,4.80308034831873
ISL,2003,4.804912688084757
ISL,2004,4.843579870644315
ISL,2005,4.874266936327006
ISL,2006,4.881494697327495
ISL,2007,4.920730141446363
ISL,2008,4.922582495014837
ISL,2009,4.874148353377297
ISL,2010,4.839797553152242
ISL,2011,4.845809957866514
ISL,2012,4.843353140397021
ISL,2013,4.85729659119316
ISL,2014,4.849410421063776
ISL,2015,4.8572029717440275
ISL,2016,4.8904403571429755
ISL,2017,4.879473366357039
ISL,2018,4.882740966183112
ISL,2019,4.865820251286118
ISL,2020,4.829052920039415
ISL,2021,4.807000593269914
ISL,2022,4.842650915025221
ISL,2023,4.856450402572673
ITA,1980,4.878396825285403
ITA,1981,4.872012953128677
ITA,1982,4.882538683396521
ITA,1983,4.872724328938667
ITA,1984,4.8650541077164045
ITA,1985,4.863803367846284
ITA,1986,4.870077253252118
ITA,1987,4.872917703941682
ITA,1988,4.877301900916168
ITA,1989,4.88085105117664
ITA,1990,4.877977158167331
ITA,1991,4.8861378144281655
ITA,1992,4.879684720671984
ITA,1993,4.863777424741658
ITA,1994,4.861998625241424
ITA,1995,4.872045981255599
ITA,1996,4.86052011511564
ITA,1997,4.849632884688614
ITA,1998,4.845377448562564
ITA,1999,4.8363941149416405
ITA,2000,4.840529025953383
ITA,2001,4.852974201083223
ITA,2002,4.845131569427956
ITA,2003,4.8265994046734795
ITA,2004,4.80793343870618
ITA,2005,4.788071707903091
ITA,2006,4.77761508713146
ITA,2007,4.766834034007878
ITA,2008,4.752277476425064
ITA,2009,4.7338763596953
ITA,2010,4.720745559884869
ITA,2011,4.709506480310273
ITA,2012,4.667317788656683
ITA,2013,4.6360158007079075
ITA,2014,4.620271761025385
ITA,2015,4.610999343390354
ITA,2016,4.6127837788934745
ITA,2017,4.609352806622296
ITA,2018,4.6022736450607935
ITA,2019,4.597996254768054
ITA,2020,4.554435461886898
ITA,2021,4.587622369693865
ITA,2022,4.611084521773206
ITA,2023,4.610543454092087
JPN,1980,4.543526851084634
JPN,1981,4.5646454493656625
JPN,1982,4.596920863699215
JPN,1983,4.604722725892753
JPN,1984,4.6022771953231105
JPN,1985,4.617865488531193
JPN,1986,4.62337049103566
JPN,1987,4.635583390114662
JPN,1988,4.659724041464312
JPN,1989,4.675043492445069
JPN,1990,4.697326634368834
JPN,1991,4.721882942433292
JPN,1992,4.71271965014913
JPN,1993,4.6984110808437665
JPN,1994,4.6849060866011545
JPN,1995,4.689925228535267
JPN,1996,4.693982399664208
JPN,1997,4.671931132582698
JPN,1998,4.634615904165972
JPN,1999,4.60393377194317
JPN,2000,4.5957810153550716
JPN,2001,4.590505523515662
JPN,2002,4.580209585992303
JPN,2003,4.579816572234577
JPN,2004,4.574806592488921
JPN,2005,4.570900004307752
JPN,2006,4.559590432929667
JPN,2007,4.55399534774223
JPN,2008,4.544610692675749
JPN,2009,4.527986763327025
JPN,2010,4.544193516585176
JPN,2011,4.531380104840131
JPN,2012,4.539516440552344
JPN,2013,4.550131338397359
JPN,2014,4.538067473453252
JPN,2015,4.535146805137281
JPN,2016,4.531647072002253
JPN,2017,4.528830981871242
JPN,2018,4.5199233603525295
JPN,2019,4.507043255864686
JPN,2020,4.512534816686482
JPN,2021,4.48327213149328
JPN,2022,4.471433686616332
JPN,2023,4.48009897347502
LTU,1980,
LTU,1981,
LTU,1982,
LTU,1983,
LTU,1984,
LTU,1985,
LTU,1986,
LTU,1987,
LTU,1988,
LTU,1989,
LTU,1990,
LTU,1991,
LTU,1992,
LTU,1993,
LTU,1994,
LTU,1995,3.5352164595155693
LTU,1996,3.5672555141192768
LTU,1997,3.624942458690159
LTU,1998,3.6823108278468744
LTU,1999,3.6529197082227274
LTU,2000,3.660070121949517
LTU,2001,3.7243772602639567
LTU,2002,3.78883215888492
LTU,2003,3.8834772650660887
LTU,2004,3.9318486520672216
LTU,2005,4.000983559869888
LTU,2006,4.064004969576379
LTU,2007,4.161730712512467
LTU,2008,4.201119586990049
LTU,2009,4.093508446107755
LTU,2010,4.094856014741294
LTU,2011,4.164049557866223
LTU,2012,4.2121977139388145
LTU,2013,4.25028719268922
LTU,2014,4.279875823510101
LTU,2015,4.2971492336824255
LTU,2016,4.322787606385471
LTU,2017,4.358785642971913
LTU,2018,4.397679007152845
LTU,2019,4.435236517481912
LTU,2020,4.480353113144916
LTU,2021,4.485394153131508
LTU,2022,4.476558875598571
LTU,2023,4.4552161163943795
LUX,1980,5.28275398294746
LUX,1981,5.261050934143555
LUX,1982,5.278738933718399
LUX,1983,5.286843877077516
LUX,1984,5.3068581747878
LUX,1985,5.304197196418552
LUX,1986,5.37286511377224
LUX,1987,5.376639457886832
LUX,1988,5.413065891619625
LUX,1989,5.467668461062978
LUX,1990,5.48647660503981
LUX,1991,5.549745829437861
LUX,1992,5.539799250072053
LUX,1993,5.5600452247058305
LUX,1994,5.560217973543013
LUX,1995,5.542024855288314
LUX,1996,5.519283128198859
LUX,1997,5.529715375892073
LUX,1998,5.559825229793278
LUX,1999,5.598607549182859
LUX,2000,5.619205528397662
LUX,2001,5.631605668395569
LUX,2002,5.643963274650522
LUX,2003,5.643540930497816
LUX,2004,5.6454116532059055
LUX,2005,5.632761551633685
LUX,2006,5.651502690338651
LUX,2007,5.693854760913931
LUX,2008,5.676710910937503
LUX,2009,5.66747742309427
LUX,2010,5.661973163037675
LUX,2011,5.634502611991221
LUX,2012,5.620183744321919
LUX,2013,5.614774130508817
LUX,2014,5.601528284924045
LUX,2015,5.584728913473974
LUX,2016,5.595376325762377
LUX,2017,5.565479728636019
LUX,2018,5.54444439461415
LUX,2019,5.539848815488396
LUX,2020,5.563811339901842
LUX,2021,5.557591048543311
LUX,2022,5.499094954024305
LUX,2023,5.470474835227701
LVA,1980,
LVA,1981,
LVA,1982,
LVA,1983,
LVA,1984,
LVA,1985,
LVA,1986,
LVA,1987,
LVA,1988,
LVA,1989,
LVA,1990,
LVA,1991,
LVA,1992,
LVA,1993,
LVA,1994,
LVA,1995,3.406905028677434
LVA,1996,3.416199550926483
LVA,1997,3.484214921669488
LVA,1998,3.535455276986338
LVA,1999,3.5460287714880794
LVA,2000,3.578756867774613
LVA,2001,3.647317107475673
LVA,2002,3.7243240563412106
LVA,2003,3.8011513982308793
LVA,2004,3.8699770329857652
LVA,2005,3.9690184048708588
LVA,2006,4.074409404144105
LVA,2007,4.162246592291165
LVA,2008,4.141855909053086
LVA,2009,4.025479789672987
LVA,2010,3.9853846877483
LVA,2011,4.019097387577403
LVA,2012,4.094205435877813
LVA,2013,4.11429299588148
LVA,2014,4.128711576108993
LVA,2015,4.154775298577298
LVA,2016,4.176700530705085
LVA,2017,4.198224462309466
LVA,2018,4.230731671320776
LVA,2019,4.233230555848756
LVA,2020,4.248818075647271
LVA,2021,4.266937364446383
LVA,2022,4.259414184269389
LVA,2023,4.241690743871831
NLD,1980,4.9446042463614575
NLD,1981,4.9163263435612485
NLD,1982,4.9062749077719445
NLD,1983,4.901783684246934
NLD,1984,4.888923864896048
NLD,1985,4.881344383619607
NLD,1986,4.881525153317808
NLD,1987,4.865537103238848
NLD,1988,4.856625307704546
NLD,1989,4.865046064682456
NLD,1990,4.877544924206909
NLD,1991,4.8874653651485245
NLD,1992,4.882464145849261
NLD,1993,4.881141476626841
NLD,1994,4.881531555405508
NLD,1995,4.888717685360309
NLD,1996,4.893158614008213
NLD,1997,4.90013140356378
NLD,1998,4.917578977765675
NLD,1999,4.934663634560698
NLD,2000,4.935312983906817
NLD,2001,4.944017635271321
NLD,2002,4.931464300813749
NLD,2003,4.913954430667519
NLD,2004,4.904557580572773
NLD,2005,4.900741541048977
NLD,2006,4.9096218569273935
NLD,2007,4.926323607841824
NLD,2008,4.946813280650175
NLD,2009,4.946284581099409
NLD,2010,4.930377778353118
NLD,2011,4.928563717993703
NLD,2012,4.907327078436763
NLD,2013,4.893148327107219
NLD,2014,4.889942970562927
NLD,2015,4.886888575983242
NLD,2016,4.893140244467915
NLD,2017,4.8934421219361885
NLD,2018,4.892501029266127
NLD,2019,4.897668964463838
NLD,2020,4.897077068846976
NLD,2021,4.8952359576701445
NLD,2022,4.908912317526983
NLD,2023,4.882268825970162
NOR,1980,4.960393846324046
NOR,1981,4.959392587902785
NOR,1982,4.965076927040227
NOR,1983,4.979809552092025
NOR,1984,4.9964731155188185
NOR,1985,5.018827320962668
NOR,1986,5.033217772976528
NOR,1987,5.017333643314348
NOR,1988,4.973318088123126
NOR,1989,4.95035659369211
NOR,1990,4.944487621190369
NOR,1991,4.96381186862773
NOR,1992,4.978936225517842
NOR,1993,4.994210970301313
NOR,1994,5.014889512064931
NOR,1995,5.032149534178557
NOR,1996,5.051560611278541
NOR,1997,5.068162247794825
NOR,1998,5.066762369252212
NOR,1999,5.054843944219102
NOR,2000,5.047517923496614
NOR,2001,5.056111528817695
NOR,2002,5.055880725976089
NOR,2003,5.045560750957625
NOR,2004,5.053172150200528
NOR,2005,5.051320588073417
NOR,2006,5.043160798119143
NOR,2007,5.042423557461462
NOR,2008,5.038221375103122
NOR,2009,5.047821959206468
NOR,2010,5.019428539943102
NOR,2011,5.002710213438735
NOR,2012,5.008587251621612
NOR,2013,4.995661179547309
NOR,2014,4.989198294741381
NOR,2015,4.977735357877674
NOR,2016,4.968087950906516
NOR,2017,4.963406332615458
NOR,2018,4.947652071299388
NOR,2019,4.941036338977721
NOR,2020,4.966824775884305
NOR,2021,4.9422757434478894
NOR,2022,4.939556019010812
NOR,2023,4.918047561733269
NZL,1980,4.646120796236989
NZL,1981,4.6740524406905655
NZL,1982,4.682094439410523
NZL,1983,4.681927150746497
NZL,1984,4.679676875072224
NZL,1985,4.662849146542309
NZL,1986,4.601361190968228
NZL,1987,4.582444635711486
NZL,1988,4.564874146879037
NZL,1989,4.534648875604716
NZL,1990,4.508868988287707
NZL,1991,4.448111720981522
NZL,1992,4.436411855376978
NZL,1993,4.480253896563246
NZL,1994,4.500172237928022
NZL,1995,4.505126146127866
NZL,1996,4.498790896000328
NZL,1997,4.48860968398282
NZL,1998,4.471413693744836
NZL,1999,4.490950095497514
NZL,2000,4.473968865207951
NZL,2001,4.496524201305005
NZL,2002,4.519271052044959
NZL,2003,4.532417401306724
NZL,2004,4.524640181271301
NZL,2005,4.523048815223917
NZL,2006,4.509687281267677
NZL,2007,4.517736879998939
NZL,2008,4.498816265956379
NZL,2009,4.549971697298275
NZL,2010,4.5250023421520185
NZL,2011,4.527921233809556
NZL,2012,4.540869865811752
NZL,2013,4.538629341538513
NZL,2014,4.541224171950182
NZL,2015,4.541936615698342
NZL,2016,4.545460732777092
NZL,2017,4.546351329670325
NZL,2018,4.549892120831034
NZL,2019,4.546302043158857
NZL,2020,4.577489424323837
NZL,2021,4.563684367018466
NZL,2022,4.572535304161124
NZL,2023,4.550206447966741
POL,1980,
POL,1981,
POL,1982,
POL,1983,
POL,1984,
POL,1985,
POL,1986,
POL,1987,
POL,1988,
POL,1989,
POL,1990,3.6905001400926394
POL,1991,3.609598502064233
POL,1992,3.6183783923080863
POL,1993,3.647091133475952
POL,1994,3.6749984066060644
POL,1995,3.7232226424204695
POL,1996,3.7574006277022574
POL,1997,3.7895392084853436
POL,1998,3.8130761890696543
POL,1999,3.8339077656609692
POL,2000,3.8462885908282898
POL,2001,3.8519266565509875
POL,2002,3.862633959965106
POL,2003,3.884440069875733
POL,2004,3.9086331062067394
POL,2005,3.9195966131210067
POL,2006,3.9562412294266225
POL,2007,4.002870825516601
POL,2008,4.0492179166659374
POL,2009,4.115957706405741
POL,2010,4.12618362676603
POL,2011,4.162468491843952
POL,2012,4.169557795968182
POL,2013,4.166143599407281
POL,2014,4.189690544415815
POL,2015,4.2140993268168385
POL,2016,4.232210970075851
POL,2017,4.2610855645467725
POL,2018,4.304431890790574
POL,2019,4.33839624718216
POL,2020,4.3830928285870945
POL,2021,4.397766288869777
POL,2022,4.401761661645995
POL,2023,4.397449279423867
PRT,1980,4.351968210266967
PRT,1981,4.3460182703987
PRT,1982,4.367959796493608
PRT,1983,4.340824059929659
PRT,1984,4.279239125438608
PRT,1985,4.276169190011731
PRT,1986,4.294874611430394
PRT,1987,4.329955090159826
PRT,1988,4.368559559317278
PRT,1989,4.405068556355041
PRT,1990,4.425943838089077
PRT,1991,4.465416768076599
PRT,1992,4.4622742482758415
PRT,1993,4.4337843911822
PRT,1994,4.418126244265983
PRT,1995,4.438831771535533
PRT,1996,4.4449037060553716
PRT,1997,4.454074759118637
PRT,1998,4.47412859409285
PRT,1999,4.481338965631243
PRT,2000,4.478263691613033
PRT,2001,4.483702973328262
PRT,2002,4.477296325022156
PRT,2003,4.450400856503257
PRT,2004,4.439886402507609
PRT,2005,4.424198709425547
PRT,2006,4.414224826872823
PRT,2007,4.4178030094365885
PRT,2008,4.422990035195837
PRT,2009,4.4322256155187185
PRT,2010,4.425108777134453
PRT,2011,4.392980644840729
PRT,2012,4.34801146016406
PRT,2013,4.332633533774625
PRT,2014,4.329646618439035
PRT,2015,4.3294494374883845
PRT,2016,4.339331519770962
PRT,2017,4.352304655369684
PRT,2018,4.364474238707092
PRT,2019,4.378609302239078
PRT,2020,4.334501691649512
PRT,2021,4.328885779333052
PRT,2022,4.364906302056784
PRT,2023,4.374297743595304
SVK,1980,
SVK,1981,
SVK,1982,
SVK,1983,
SVK,1984,
SVK,1985,
SVK,1986,
SVK,1987,
SVK,1988,
SVK,1989,
SVK,1990,
SVK,1991,
SVK,1992,3.7384828113617576
SVK,1993,3.747199681675764
SVK,1994,3.7804445616997513
SVK,1995,3.815766411915618
SVK,1996,3.8486353098367574
SVK,1997,3.870783194468091
SVK,1998,3.885111312499233
SVK,1999,3.8540276814766075
SVK,2000,3.8274466178078272
SVK,2001,3.853448573036384
SVK,2002,3.8882248421986527
SVK,2003,3.9217321586854843
SVK,2004,3.947808883977642
SVK,2005,3.9881424147137507
SVK,2006,4.048638786432527
SVK,2007,4.131100782673148
SVK,2008,4.185066915845842
SVK,2009,4.168148975211163
SVK,2010,4.207711684290402
SVK,2011,4.22419023968558
SVK,2012,4.2305515555658495
SVK,2013,4.225354578848017
SVK,2014,4.2354687502322514
SVK,2015,4.265642456098059
SVK,2016,4.270971002024185
SVK,2017,4.27669661855094
SVK,2018,4.297715177799332
SVK,2019,4.307855508602916
SVK,2020,4.32476110774459
SVK,2021,4.325905256455977
SVK,2022,4.302659673632153
SVK,2023,4.312757153505428
SVN,1980,
SVN,1981,
SVN,1982,
SVN,1983,
SVN,1984,
SVN,1985,
SVN,1986,
SVN,1987,
SVN,1988,
SVN,1989,
SVN,1990,
SVN,1991,
SVN,1992,
SVN,1993,
SVN,1994,
SVN,1995,4.271685262899336
SVN,1996,4.275207834012933
SVN,1997,4.29797141575839
SVN,1998,4.3083005299841135
SVN,1999,4.333498238115319
SVN,2000,4.3315215032884655
SVN,2001,4.351373039740456
SVN,2002,4.37351643795457
SVN,2003,4.390550019706119
SVN,2004,4.408657477438089
SVN,2005,4.423082285894283
SVN,2006,4.452690086630569
SVN,2007,4.496961585049726
SVN,2008,4.532031589991293
SVN,2009,4.485307757391936
SVN,2010,4.4689816892441
SVN,2011,4.458846948315768
SVN,2012,4.41964350225803
SVN,2013,4.399065224948562
SVN,2014,4.409646154810221
SVN,2015,4.412969515044999
SVN,2016,4.429812389831516
SVN,2017,4.4584673205412795
SVN,2018,4.480961362859365
SVN,2019,4.496178139853891
SVN,2020,4.492325108523962
SVN,2021,4.513282316393992
SVN,2022,4.51318246569745
SVN,2023,4.520639787007585
SWE,1980,4.851794767442498
SWE,1981,4.841692284112176
SWE,1982,4.8604865724081545
SWE,1983,4.8577599118423604
SWE,1984,4.859028601144138
SWE,1985,4.850286721394842
SWE,1986,4.852582103815469
SWE,1987,4.8537510793421115
SWE,1988,4.83828501843106
SWE,1989,4.828729706775003
SWE,1990,4.80680604825415
SWE,1991,4.782411937389826
SWE,1992,4.750476417305972
SWE,1993,4.717833301638456
SWE,1994,4.726262849888946
SWE,1995,4.742941888279144
SWE,1996,4.733820192760613
SWE,1997,4.734068849073362
SWE,1998,4.75323368791148
SWE,1999,4.768281654899709
SWE,2000,4.778503048574779
SWE,2001,4.782390361166468
SWE,2002,4.792936128514253
SWE,2003,4.7943124040968845
SWE,2004,4.805422963225494
SWE,2005,4.807660642861441
SWE,2006,4.822831087005133
SWE,2007,4.828470541007958
SWE,2008,4.814785781734922
SWE,2009,4.804735977632407
SWE,2010,4.828144194930806
SWE,2011,4.836956449237937
SWE,2012,4.817883175636773
SWE,2013,4.80969169843727
SWE,2014,4.806645139765984
SWE,2015,4.819510357009799
SWE,2016,4.816401491391774
SWE,2017,4.799588687152865
SWE,2018,4.788121177979477
SWE,2019,4.792191125034583
SWE,2020,4.810373513535528
SWE,2021,4.797792086630944
SWE,2022,4.773986531572327
SWE,2023,4.754355320733816
USA,1980,4.895146871301008
USA,1981,4.896798466907032
USA,1982,4.876027047586941
USA,1983,4.890704531224038
USA,1984,4.912617230615342
USA,1985,4.916015123514137
USA,1986,4.91909969824507
USA,1987,4.915648635286703
USA,1988,4.911257822061605
USA,1989,4.90885218669099
USA,1990,4.89460445245096
USA,1991,4.87410867740618
USA,1992,4.881056202734077
USA,1993,4.888477317325888
USA,1994,4.893003272036745
USA,1995,4.889275439242024
USA,1996,4.890040584386398
USA,1997,4.892163443761502
USA,1998,4.902526338267952
USA,1999,4.912416085166642
USA,2000,4.907953535511027
USA,2001,4.900743274815193
USA,2002,4.899470842212339
USA,2003,4.904016260911437
USA,2004,4.9068899178427134
USA,2005,4.910244143996559
USA,2006,4.90392058786205
USA,2007,4.894958660915696
USA,2008,4.890143573262194
USA,2009,4.897130929358525
USA,2010,4.891419044379086
USA,2011,4.8843365474773055
USA,2012,4.891515094834962
USA,2013,4.894002589055838
USA,2014,4.895490430401944
USA,2015,4.897089951720805
USA,2016,4.894996440537572
USA,2017,4.89114606622139
USA,2018,4.8970791525230375
USA,2019,4.906341061608274
USA,2020,4.925731926420214
USA,2021,4.92591766989773
USA,2022,4.919600371674753
USA,2023,4.929524561286865
