iso3,year,inflation_cpi
AUS,1980,10.13584
AUS,1981,9.487666
AUS,1982,11.35182
AUS,1983,10.03891
AUS,1984,3.960396
AUS,1985,6.734694
AUS,1986,9.05035
AUS,1987,8.533022
AUS,1988,7.21594
AUS,1989,7.533903
AUS,1990,7.333022
AUS,1991,3.176675
AUS,1992,1.012231
AUS,1993,1.753653
AUS,1994,1.969635
AUS,1995,4.627767
AUS,1996,2.615385
AUS,1997,0.2248875
AUS,1998,0.8601346
AUS,1999,1.483129
AUS,2000,4.457435
AUS,2001,4.407135
AUS,2002,2.981575
AUS,2003,2.732596
AUS,2004,2.343255
AUS,2005,2.691832
AUS,2006,3.555288
AUS,2007,2.327611
AUS,2008,4.350298
AUS,2009,1.771117
AUS,2010,2.91834
AUS,2011,3.30385
AUS,2012,1.76278
AUS,2013,2.449889
AUS,2014,2.487923
AUS,2015,1.508367
AUS,2016,1.276991
AUS,2017,1.948647
AUS,2018,1.911401
AUS,2019,1.610768
AUS,2020,0.8469055
AUS,2021,2.86391
AUS,2022,6.594097
AUS,2023,5.597015
AUT,1980,6.328318
AUT,1981,6.803043
AUT,1982,5.436026
AUT,1983,3.339167
AUT,1984,5.663189
AUT,1985,3.189511
AUT,1986,1.705446
AUT,1987,1.401955
AUT,1988,1.91572
AUT,1989,2.568347
AUT,1990,3.261872
AUT,1991,3.337426
AUT,1992,4.020847
AUT,1993,3.631786
AUT,1994,2.953407
AUT,1995,2.243364
AUT,1996,1.860974
AUT,1997,1.305983
AUT,1998,0.9224669
AUT,1999,0.5689865
AUT,2000,2.344868
AUT,2001,2.65
AUT,2002,1.810359
AUT,2003,1.355554
AUT,2004,2.061207
AUT,2005,2.299138
AUT,2006,1.441547
AUT,2007,2.168556
AUT,2008,3.215951
AUT,2009,0.5063094
AUT,2010,1.813532
AUT,2011,3.286583
AUT,2012,2.485675
AUT,2013,2.000158
AUT,2014,1.605806
AUT,2015,0.8965653
AUT,2016,0.8915924
AUT,2017,2.081269
AUT,2018,1.998382
AUT,2019,1.530896
AUT,2020,1.381909
AUT,2021,2.766667
AUT,2022,8.54687
AUT,2023,7.814134
BEL,1980,6.64869
BEL,1981,7.627487
BEL,1982,8.726549
BEL,1983,7.66161
BEL,1984,6.341776
BEL,1985,4.86873
BEL,1986,1.294371
BEL,1987,1.55338
BEL,1988,1.160936
BEL,1989,3.107053
BEL,1990,3.44831
BEL,1991,3.215311
BEL,1992,2.427956
BEL,1993,2.754426
BEL,1994,2.377545
BEL,1995,1.467961
BEL,1996,2.077025
BEL,1997,1.62816
BEL,1998,0.9492503
BEL,1999,1.120848
BEL,2000,2.544518
BEL,2001,2.469258
BEL,2002,1.645214
BEL,2003,1.588964
BEL,2004,2.097283
BEL,2005,2.781433
BEL,2006,1.791208
BEL,2007,1.823056
BEL,2008,4.489444
BEL,2009,-0.05314567
BEL,2010,2.189299
BEL,2011,3.532082
BEL,2012,2.839664
BEL,2013,1.113096
BEL,2014,0.3400028
BEL,2015,0.5614291
BEL,2016,1.973853
BEL,2017,2.125971
BEL,2018,2.053165
BEL,2019,1.43682
BEL,2020,0.7407918
BEL,2021,2.440248
BEL,2022,9.597511
BEL,2023,4.049011
BGR,1980,
BGR,1981,
BGR,1982,
BGR,1983,
BGR,1984,
BGR,1985,
BGR,1986,
BGR,1987,
BGR,1988,
BGR,1989,
BGR,1990,
BGR,1991,
BGR,1992,
BGR,1993,
BGR,1994,
BGR,1995,
BGR,1996,121.6075
BGR,1997,1058.374
BGR,1998,18.6722
BGR,1999,2.573043
BGR,2000,10.31626
BGR,2001,7.36094
BGR,2002,5.810143
BGR,2003,2.348642
BGR,2004,6.147131
BGR,2005,5.038838
BGR,2006,7.261595
BGR,2007,8.402534
BGR,2008,12.34872
BGR,2009,2.753202
BGR,2010,2.438991
BGR,2011,4.219903
BGR,2012,2.954568
BGR,2013,0.8900936
BGR,2014,-1.418184
BGR,2015,-0.1046333
BGR,2016,-0.7986535
BGR,2017,2.061594
BGR,2018,2.814551
BGR,2019,3.103729
BGR,2020,1.672439
BGR,2021,3.297195
BGR,2022,15.33337
BGR,2023,9.459093
CAN,1980,10.12922
CAN,1981,12.47161
CAN,1982,10.76897
CAN,1983,5.863588
CAN,1984,4.304778
CAN,1985,3.962031
CAN,1986,4.194786
CAN,1987,4.356109
CAN,1988,4.028234
CAN,1989,4.983622
CAN,1990,4.780477
CAN,1991,5.625864
CAN,1992,1.490133
CAN,1993,1.865079
CAN,1994,0.1655629
CAN,1995,2.14876
CAN,1996,1.570531
CAN,1997,1.621216
CAN,1998,0.9959425
CAN,1999,1.734843
CAN,2000,2.71944
CAN,2001,2.52512
CAN,2002,2.258394
CAN,2003,2.758563
CAN,2004,1.857259
CAN,2005,2.213552
CAN,2006,2.002025
CAN,2007,2.138384
CAN,2008,2.370271
CAN,2009,0.2994668
CAN,2010,1.776872
CAN,2011,2.912135
CAN,2012,1.515678
CAN,2013,0.9382919
CAN,2014,1.906636
CAN,2015,1.125241
CAN,2016,1.42876
CAN,2017,1.596884
CAN,2018,2.268226
CAN,2019,1.949269
CAN,2020,0.7169997
CAN,2021,3.395193
CAN,2022,6.802801
CAN,2023,3.879002
CHE,1980,4.022499
CHE,1981,6.49031
CHE,1982,5.655101
CHE,1983,2.949795
CHE,1984,2.931457
CHE,1985,3.435399
CHE,1986,0.7503098
CHE,1987,1.440322
CHE,1988,1.872469
CHE,1989,3.15527
CHE,1990,5.403959
CHE,1991,5.859597
CHE,1992,4.03703
CHE,1993,3.292622
CHE,1994,0.852117
CHE,1995,1.799828
CHE,1996,0.8116341
CHE,1997,0.5202254
CHE,1998,0.01793844
CHE,1999,0.8064444
CHE,2000,1.558529
CHE,2001,0.9890203
CHE,2002,0.6427115
CHE,2003,0.6382729
CHE,2004,0.8029087
CHE,2005,1.171954
CHE,2006,1.059509
CHE,2007,0.7323506
CHE,2008,2.426041
CHE,2009,-0.4804819
CHE,2010,0.6882387
CHE,2011,0.2313492
CHE,2012,-0.692552
CHE,2013,-0.2173232
CHE,2014,-0.01320254
CHE,2015,-1.143909
CHE,2016,-0.4346187
CHE,2017,0.5337878
CHE,2018,0.9363354
CHE,2019,0.3628862
CHE,2020,-0.725875
CHE,2021,0.5818142
CHE,2022,2.835028
CHE,2023,2.135401
CZE,1980,
CZE,1981,
CZE,1982,
CZE,1983,
CZE,1984,
CZE,1985,
CZE,1986,
CZE,1987,
CZE,1988,
CZE,1989,
CZE,1990,
CZE,1991,
CZE,1992,11.0865
CZE,1993,20.81303
CZE,1994,10.03942
CZE,1995,8.990531
CZE,1996,8.758775
CZE,1997,8.596157
CZE,1998,10.69837
CZE,1999,2.135448
CZE,2000,3.775388
CZE,2001,4.662675
CZE,2002,1.902981
CZE,2003,0.1187392
CZE,2004,2.760108
CZE,2005,1.857098
CZE,2006,2.533993
CZE,2007,2.853124
CZE,2008,6.358664
CZE,2009,1.019377
CZE,2010,1.472727
CZE,2011,1.917219
CZE,2012,3.287623
CZE,2013,1.438298
CZE,2014,0.3439886
CZE,2015,0.3093646
CZE,2016,0.6835042
CZE,2017,2.450534
CZE,2018,2.149495
CZE,2019,2.847876
CZE,2020,3.161295
CZE,2021,3.839845
CZE,2022,15.10017
CZE,2023,10.66126
DEU,1980,5.441055
DEU,1981,6.344242
DEU,1982,5.241046
DEU,1983,3.293413
DEU,1984,2.405797
DEU,1985,2.066233
DEU,1986,-0.1294139
DEU,1987,0.2499074
DEU,1988,1.274121
DEU,1989,2.780563
DEU,1990,2.69647
DEU,1991,4.047034
DEU,1992,5.05698
DEU,1993,4.474576
DEU,1994,2.693056
DEU,1995,1.706161
DEU,1996,1.449726
DEU,1997,1.939369
DEU,1998,0.9111845
DEU,1999,0.5854336
DEU,2000,1.440268
DEU,2001,1.983857
DEU,2002,1.420807
DEU,2003,1.034223
DEU,2004,1.665736
DEU,2005,1.546911
DEU,2006,1.577429
DEU,2007,2.298341
DEU,2008,2.628383
DEU,2009,0.3127377
DEU,2010,1.103809
DEU,2011,2.075173
DEU,2012,2.008491
DEU,2013,1.504722
DEU,2014,0.9067971
DEU,2015,0.514421
DEU,2016,0.4917486
DEU,2017,1.509497
DEU,2018,1.732168
DEU,2019,1.445667
DEU,2020,0.1448705
DEU,2021,3.066667
DEU,2022,6.872574
DEU,2023,5.946437
DNK,1980,12.30532
DNK,1981,11.76739
DNK,1982,10.12082
DNK,1983,6.908229
DNK,1984,6.290782
DNK,1985,4.678746
DNK,1986,3.678187
DNK,1987,4.01999
DNK,1988,4.535135
DNK,1989,4.772727
DNK,1990,2.6416
DNK,1991,2.395153
DNK,1992,2.096042
DNK,1993,1.257862
DNK,1994,1.992014
DNK,1995,2.083605
DNK,1996,2.1263
DNK,1997,2.182167
DNK,1998,1.845651
DNK,1999,2.497795
DNK,2000,2.903277
DNK,2001,2.337875
DNK,2002,2.424437
DNK,2003,2.075078
DNK,2004,1.154357
DNK,2005,1.817815
DNK,2006,1.924221
DNK,2007,1.693266
DNK,2008,3.416268
DNK,2009,1.30471
DNK,2010,2.310924
DNK,2011,2.758682
DNK,2012,2.397915
DNK,2013,0.7890718
DNK,2014,0.5640205
DNK,2015,0.4520341
DNK,2016,0.25
DNK,2017,1.147132
DNK,2018,0.8136095
DNK,2019,0.7581316
DNK,2020,0.420712
DNK,2021,1.853045
DNK,2022,7.696567
DNK,2023,3.305178
ESP,1980,15.56191
ESP,1981,14.54935
ESP,1982,14.41499
ESP,1983,12.17408
ESP,1984,11.28027
ESP,1985,8.814454
ESP,1986,8.794939
ESP,1987,5.248024
ESP,1988,4.837267
ESP,1989,6.791436
ESP,1990,6.721821
ESP,1991,5.934214
ESP,1992,5.924531
ESP,1993,4.569072
ESP,1994,4.718413
ESP,1995,4.673804
ESP,1996,3.558843
ESP,1997,1.971078
ESP,1998,1.83433
ESP,1999,2.310345
ESP,2000,3.433517
ESP,2001,3.589833
ESP,2002,3.065657
ESP,2003,3.038888
ESP,2004,3.039249
ESP,2005,3.368814
ESP,2006,3.515576
ESP,2007,2.786798
ESP,2008,4.075343
ESP,2009,-0.2878131
ESP,2010,1.799865
ESP,2011,3.196102
ESP,2012,2.446128
ESP,2013,1.408581
ESP,2014,-0.1511148
ESP,2015,-0.5003657
ESP,2016,-0.202598
ESP,2017,1.956076
ESP,2018,1.674981
ESP,2019,0.699519
ESP,2020,-0.322753
ESP,2021,3.093135
ESP,2022,8.390576
ESP,2023,3.532361
EST,1980,
EST,1981,
EST,1982,
EST,1983,
EST,1984,
EST,1985,
EST,1986,
EST,1987,
EST,1988,
EST,1989,
EST,1990,
EST,1991,
EST,1992,
EST,1993,
EST,1994,
EST,1995,
EST,1996,
EST,1997,
EST,1998,8.744751
EST,1999,3.296111
EST,2000,4.018489
EST,2001,5.74828
EST,2002,3.571913
EST,2003,1.334991
EST,2004,3.048111
EST,2005,4.079714
EST,2006,4.437621
EST,2007,6.601326
EST,2008,10.36236
EST,2009,-0.07840831
EST,2010,2.972045
EST,2011,4.981901
EST,2012,3.9334
EST,2013,2.780567
EST,2014,-0.1061751
EST,2015,-0.492326
EST,2016,0.1486849
EST,2017,3.417236
EST,2018,3.436327
EST,2019,2.277259
EST,2020,-0.4445311
EST,2021,4.653167
EST,2022,19.39826
EST,2023,9.159226
FIN,1980,11.59462
FIN,1981,11.30575
FIN,1982,9.58493
FIN,1983,8.366291
FIN,1984,7.067658
FIN,1985,5.195623
FIN,1986,2.933578
FIN,1987,4.113027
FIN,1988,5.085932
FIN,1989,6.592911
FIN,1990,6.149561
FIN,1991,4.310215
FIN,1992,2.919323
FIN,1993,2.190654
FIN,1994,1.088558
FIN,1995,0.7912362
FIN,1996,0.6291981
FIN,1997,1.192557
FIN,1998,1.399471
FIN,1999,1.162237
FIN,2000,3.042096
FIN,2001,2.578441
FIN,2002,1.571221
FIN,2003,0.8774385
FIN,2004,0.1871234
FIN,2005,0.6238712
FIN,2006,1.566667
FIN,2007,2.510666
FIN,2008,4.065952
FIN,2009,-1.22217e-14
FIN,2010,1.184135
FIN,2011,3.416809
FIN,2012,2.808332
FIN,2013,1.478288
FIN,2014,1.0412
FIN,2015,-0.207932
FIN,2016,0.3566845
FIN,2017,0.754015
FIN,2018,1.083821
FIN,2019,1.024094
FIN,2020,0.2905546
FIN,2021,2.194574
FIN,2022,7.123507
FIN,2023,6.250643
FRA,1980,13.56258
FRA,1981,13.3144
FRA,1982,11.97848
FRA,1983,9.459548
FRA,1984,7.673803
FRA,1985,5.831099
FRA,1986,2.538527
FRA,1987,3.288898
FRA,1988,2.700817
FRA,1989,3.498302
FRA,1990,3.194282
FRA,1991,3.213407
FRA,1992,2.36376
FRA,1993,2.104463
FRA,1994,1.655515
FRA,1995,1.796481
FRA,1996,1.982884
FRA,1997,1.203943
FRA,1998,0.6511269
FRA,1999,0.5371416
FRA,2000,1.67596
FRA,2001,1.634781
FRA,2002,1.923412
FRA,2003,2.098472
FRA,2004,2.14209
FRA,2005,1.745869
FRA,2006,1.675125
FRA,2007,1.487998
FRA,2008,2.812862
FRA,2009,0.08762048
FRA,2010,1.531123
FRA,2011,2.111598
FRA,2012,1.954195
FRA,2013,0.8637155
FRA,2014,0.5077588
FRA,2015,0.03751438
FRA,2016,0.1833349
FRA,2017,1.032283
FRA,2018,1.850815
FRA,2019,1.108255
FRA,2020,0.4764988
FRA,2021,1.642331
FRA,2022,5.222367
FRA,2023,4.878357
GBR,1980,17.96593
GBR,1981,11.87662
GBR,1982,8.59887
GBR,1983,4.609302
GBR,1984,4.960712
GBR,1985,6.071394
GBR,1986,3.427615
GBR,1987,4.148918
GBR,1988,4.2094
GBR,1989,5.7
GBR,1990,8.0
GBR,1991,7.5
GBR,1992,4.6
GBR,1993,2.6
GBR,1994,2.2
GBR,1995,2.7
GBR,1996,2.9
GBR,1997,2.2
GBR,1998,1.8
GBR,1999,1.7
GBR,2000,1.2
GBR,2001,1.6
GBR,2002,1.5
GBR,2003,1.4
GBR,2004,1.4
GBR,2005,2.1
GBR,2006,2.5
GBR,2007,2.4
GBR,2008,3.5
GBR,2009,2.0
GBR,2010,2.5
GBR,2011,3.8
GBR,2012,2.6
GBR,2013,2.3
GBR,2014,1.5
GBR,2015,0.4
GBR,2016,1.0
GBR,2017,2.6
GBR,2018,2.3
GBR,2019,1.7
GBR,2020,1.0
GBR,2021,2.5
GBR,2022,7.9
GBR,2023,6.8
GRC,1980,24.67589
GRC,1981,24.50607
GRC,1982,20.99109
GRC,1983,20.17948
GRC,1984,18.45683
GRC,1985,19.31469
GRC,1986,23.01544
GRC,1987,16.39687
GRC,1988,13.52886
GRC,1989,13.65556
GRC,1990,20.43349
GRC,1991,19.45585
GRC,1992,15.87707
GRC,1993,14.41127
GRC,1994,10.87408
GRC,1995,8.934514
GRC,1996,8.194549
GRC,1997,5.536003
GRC,1998,4.766226
GRC,1999,2.636638
GRC,2000,3.151177
GRC,2001,3.373966
GRC,2002,3.629363
GRC,2003,3.530651
GRC,2004,2.898848
GRC,2005,3.545073
GRC,2006,3.195946
GRC,2007,2.895001
GRC,2008,4.152796
GRC,2009,1.210074
GRC,2010,4.712982
GRC,2011,3.32987
GRC,2012,1.50152
GRC,2013,-0.9212719
GRC,2014,-1.312242
GRC,2015,-1.735902
GRC,2016,-0.8256576
GRC,2017,1.121259
GRC,2018,0.6256205
GRC,2019,0.2529927
GRC,2020,-1.247972
GRC,2021,1.223826
GRC,2022,9.645261
GRC,2023,3.464802
HUN,1980,
HUN,1981,4.66141
HUN,1982,6.835808
HUN,1983,7.279892
HUN,1984,8.467859
HUN,1985,6.94234
HUN,1986,5.291667
HUN,1987,8.674317
HUN,1988,15.72355
HUN,1989,17.14915
HUN,1990,28.36959
HUN,1991,34.81754
HUN,1992,23.65572
HUN,1993,22.46424
HUN,1994,18.86808
HUN,1995,28.30546
HUN,1996,23.46903
HUN,1997,18.30508
HUN,1998,14.15379
HUN,1999,9.997744
HUN,2000,9.803608
HUN,2001,9.116809
HUN,2002,5.265448
HUN,2003,4.661017
HUN,2004,6.744347
HUN,2005,3.561517
HUN,2006,3.930326
HUN,2007,7.958745
HUN,2008,6.042512
HUN,2009,4.211712
HUN,2010,4.855558
HUN,2011,3.929921
HUN,2012,5.652145
HUN,2013,1.7332
HUN,2014,-0.2275663
HUN,2015,-0.06164468
HUN,2016,0.3947693
HUN,2017,2.348243
HUN,2018,2.850248
HUN,2019,3.338586
HUN,2020,3.326744
HUN,2021,5.110965
HUN,2022,14.60814
HUN,2023,17.12497
IRL,1980,18.15446
IRL,1981,20.37351
IRL,1982,17.14711
IRL,1983,10.44763
IRL,1984,8.65111
IRL,1985,5.395495
IRL,1986,3.827038
IRL,1987,3.159406
IRL,1988,2.134571
IRL,1989,4.08905
IRL,1990,3.317329
IRL,1991,3.210815
IRL,1992,3.069996
IRL,1993,1.46942
IRL,1994,2.309198
IRL,1995,2.524866
IRL,1996,1.755748
IRL,1997,1.5418
IRL,1998,2.407681
IRL,1999,1.629886
IRL,2000,5.577633
IRL,2001,4.852803
IRL,2002,4.628205
IRL,2003,3.492219
IRL,2004,2.178546
IRL,2005,2.456547
IRL,2006,3.935761
IRL,2007,4.885746
IRL,2008,4.035688
IRL,2009,-4.447547
IRL,2010,-0.9183887
IRL,2011,2.548978
IRL,2012,1.694741
IRL,2013,0.5150995
IRL,2014,0.19091639999999999
IRL,2015,-0.3309598
IRL,2016,0.02012477
IRL,2017,0.3621731
IRL,2018,0.4711307
IRL,2019,0.937843
IRL,2020,-0.3261836
IRL,2021,2.340341
IRL,2022,7.829457
IRL,2023,6.299425
ISL,1980,58.52843
ISL,1981,51.79325
ISL,1982,50.24323
ISL,1983,83.95004
ISL,1984,30.8524
ISL,1985,31.99462
ISL,1986,22.1284
ISL,1987,18.29777
ISL,1988,25.72551
ISL,1989,20.7582
ISL,1990,15.51072
ISL,1991,6.80878
ISL,1992,3.947712
ISL,1993,4.04285
ISL,1994,1.552657
ISL,1995,1.651232
ISL,1996,2.260421
ISL,1997,1.815431
ISL,1998,1.659237
ISL,1999,3.231831
ISL,2000,5.136475
ISL,2001,6.405086
ISL,2002,5.197023
ISL,2003,2.055662
ISL,2004,3.158195
ISL,2005,3.987048
ISL,2006,6.687074
ISL,2007,5.051564
ISL,2008,12.6944
ISL,2009,12.00312
ISL,2010,5.396732
ISL,2011,4.001026
ISL,2012,5.1859
ISL,2013,3.872275
ISL,2014,2.044619
ISL,2015,1.633058
ISL,2016,1.69693
ISL,2017,1.760413
ISL,2018,2.682915
ISL,2019,3.013977
ISL,2020,2.847919
ISL,2021,4.444243
ISL,2022,8.308754
ISL,2023,8.736306
ITA,1980,21.06417
ITA,1981,17.9693
ITA,1982,16.48041
ITA,1983,14.64659
ITA,1984,10.79449
ITA,1985,9.205993
ITA,1986,5.823544
ITA,1987,4.747284
ITA,1988,5.058249
ITA,1989,6.259837
ITA,1990,6.456608
ITA,1991,6.25
ITA,1992,5.270588
ITA,1993,4.626732
ITA,1994,4.051841
ITA,1995,5.235423
ITA,1996,4.00698
ITA,1997,2.043106
ITA,1998,1.955088
ITA,1999,1.663458
ITA,2000,2.537687
ITA,2001,2.785166
ITA,2002,2.46532
ITA,2003,2.672559
ITA,2004,2.206736
ITA,2005,1.985294
ITA,2006,2.090843
ITA,2007,1.829738
ITA,2008,3.347834
ITA,2009,0.7747682
ITA,2010,1.525516
ITA,2011,2.780633
ITA,2012,3.041363
ITA,2013,1.219992
ITA,2014,0.2410575
ITA,2015,0.03878675
ITA,2016,-0.0940214
ITA,2017,1.226533
ITA,2018,1.137488
ITA,2019,0.6112469
ITA,2020,-0.1377076
ITA,2021,1.873783
ITA,2022,8.20129
ITA,2023,5.622194
JPN,1980,7.7
JPN,1981,4.9
JPN,1982,2.8
JPN,1983,1.9
JPN,1984,2.3
JPN,1985,2.0
JPN,1986,0.6
JPN,1987,0.1
JPN,1988,0.7
JPN,1989,2.3
JPN,1990,3.1
JPN,1991,3.3
JPN,1992,1.6
JPN,1993,1.3
JPN,1994,0.7
JPN,1995,-0.1
JPN,1996,0.1
JPN,1997,1.8
JPN,1998,0.6
JPN,1999,-0.3
JPN,2000,-0.7
JPN,2001,-0.7
JPN,2002,-0.9
JPN,2003,-0.3
JPN,2004,0.0
JPN,2005,-0.3
JPN,2006,0.3
JPN,2007,0.0
JPN,2008,1.4
JPN,2009,-1.4
JPN,2010,-0.7
JPN,2011,-0.3
JPN,2012,0.0
JPN,2013,0.4
JPN,2014,2.7
JPN,2015,0.8
JPN,2016,-0.1
JPN,2017,0.4841998
JPN,2018,0.9890946
JPN,2019,0.4687762
JPN,2020,-0.02499583
JPN,2021,
JPN,2022,
JPN,2023,
LTU,1980,
LTU,1981,
LTU,1982,
LTU,1983,
LTU,1984,
LTU,1985,
LTU,1986,
LTU,1987,
LTU,1988,
LTU,1989,
LTU,1990,
LTU,1991,
LTU,1992,1020.621
LTU,1993,410.4519
LTU,1994,72.25468
LTU,1995,39.64763
LTU,1996,24.62519
LTU,1997,8.881048
LTU,1998,5.067554
LTU,1999,0.7275506
LTU,2000,0.9816155
LTU,2001,1.36712
LTU,2002,0.2815066
LTU,2003,-1.134309
LTU,2004,1.164103
LTU,2005,2.658485
LTU,2006,3.73912
LTU,2007,5.737174
LTU,2008,10.92589
LTU,2009,4.453044
LTU,2010,1.319214
LTU,2011,4.130276
LTU,2012,3.089983
LTU,2013,1.047479
LTU,2014,0.103758
LTU,2015,-0.8840974
LTU,2016,0.9055251
LTU,2017,3.722889
LTU,2018,2.697928
LTU,2019,2.334509
LTU,2020,1.199894
LTU,2021,4.683544
LTU,2022,19.70505
LTU,2023,9.11732
LUX,1980,6.299902
LUX,1981,8.07295
LUX,1982,9.35705
LUX,1983,8.669271
LUX,1984,6.435856
LUX,1985,4.093587
LUX,1986,0.294565
LUX,1987,-0.05666491
LUX,1988,1.436591
LUX,1989,3.370963
LUX,1990,3.253765
LUX,1991,3.118359
LUX,1992,3.154169
LUX,1993,3.588104
LUX,1994,2.19476
LUX,1995,1.867698
LUX,1996,1.183861
LUX,1997,1.367511
LUX,1998,0.9585662
LUX,1999,1.025194
LUX,2000,3.150768
LUX,2001,2.663822
LUX,2002,2.074089
LUX,2003,2.04984
LUX,2004,2.225681
LUX,2005,2.487693
LUX,2006,2.666315
LUX,2007,2.312459
LUX,2008,3.40188
LUX,2009,0.368042
LUX,2010,2.273679
LUX,2011,3.410683
LUX,2012,2.662842
LUX,2013,1.73404
LUX,2014,0.628544
LUX,2015,0.4747432
LUX,2016,0.2908333
LUX,2017,1.7308
LUX,2018,1.528195
LUX,2019,1.743321
LUX,2020,0.8199573
LUX,2021,2.52692
LUX,2022,6.336008
LUX,2023,3.741404
LVA,1980,
LVA,1981,
LVA,1982,
LVA,1983,
LVA,1984,
LVA,1985,
LVA,1986,
LVA,1987,
LVA,1988,
LVA,1989,
LVA,1990,
LVA,1991,
LVA,1992,951.6962
LVA,1993,108.9896
LVA,1994,35.92471
LVA,1995,24.97593
LVA,1996,17.61046
LVA,1997,8.447392
LVA,1998,4.644212
LVA,1999,2.364815
LVA,2000,2.654253
LVA,2001,2.487044
LVA,2002,1.938879
LVA,2003,2.942643
LVA,2004,6.192384
LVA,2005,6.748452
LVA,2006,6.536199
LVA,2007,10.09298
LVA,2008,15.40232
LVA,2009,3.534107
LVA,2010,-1.084636
LVA,2011,4.370736
LVA,2012,2.257789
LVA,2013,-0.02945478
LVA,2014,0.6204923
LVA,2015,0.1742414
LVA,2016,0.1406308
LVA,2017,2.930369
LVA,2018,2.53446
LVA,2019,2.811403
LVA,2020,0.2190611
LVA,2021,3.275814
LVA,2022,17.31029
LVA,2023,8.938056
NLD,1980,6.513452
NLD,1981,6.73893
NLD,1982,5.911094
NLD,1983,2.740841
NLD,1984,3.301638
NLD,1985,2.258587
NLD,1986,0.08334722
NLD,1987,-0.6912059
NLD,1988,0.7379455
NLD,1989,1.082161
NLD,1990,2.454089
NLD,1991,3.158203
NLD,1992,3.183581
NLD,1993,2.584182
NLD,1994,2.801527
NLD,1995,1.92322
NLD,1996,1.949368
NLD,1997,2.109246
NLD,1998,1.959136
NLD,1999,2.157179
NLD,2000,2.360522
NLD,2001,4.155841
NLD,2002,3.287531
NLD,2003,2.091998
NLD,2004,1.263647
NLD,2005,1.68813
NLD,2006,1.101501
NLD,2007,1.613859
NLD,2008,2.486502
NLD,2009,1.189777
NLD,2010,1.275306
NLD,2011,2.34107
NLD,2012,2.455548
NLD,2013,2.506899
NLD,2014,0.9760351
NLD,2015,0.6002482
NLD,2016,0.3166667
NLD,2017,1.381459
NLD,2018,1.703498
NLD,2019,2.633699
NLD,2020,1.27246
NLD,2021,2.67572
NLD,2022,10.00121
NLD,2023,3.838393
NOR,1980,10.87866
NOR,1981,13.64296
NOR,1982,11.341
NOR,1983,8.465244
NOR,1984,6.218274
NOR,1985,5.714855
NOR,1986,7.176493
NOR,1987,8.717048
NOR,1988,6.676366
NOR,1989,4.546144
NOR,1990,4.131033
NOR,1991,3.438196
NOR,1992,2.328085
NOR,1993,2.288269
NOR,1994,1.375675
NOR,1995,2.460368
NOR,1996,1.262532
NOR,1997,2.566923
NOR,1998,2.252413
NOR,1999,2.365967
NOR,2000,3.085506
NOR,2001,3.004197
NOR,2002,1.286725
NOR,2003,2.487826
NOR,2004,0.4544985
NOR,2005,1.532134
NOR,2006,2.32935
NOR,2007,0.7125891
NOR,2008,3.753931
NOR,2009,2.197386
NOR,2010,2.418906
NOR,2011,1.284952
NOR,2012,0.6968641
NOR,2013,2.120486
NOR,2014,2.041703
NOR,2015,2.171137
NOR,2016,3.55
NOR,2017,1.875101
NOR,2018,2.764831
NOR,2019,2.16773
NOR,2020,1.286585
NOR,2021,3.483881
NOR,2022,5.764123
NOR,2023,5.51785
NZL,1980,17.15056
NZL,1981,15.37015
NZL,1982,16.16369
NZL,1983,7.341074
NZL,1984,6.17125
NZL,1985,15.41766
NZL,1986,13.2134
NZL,1987,15.74429
NZL,1988,6.375257
NZL,1989,5.715991
NZL,1990,6.098439
NZL,1991,2.602399
NZL,1992,1.014557
NZL,1993,1.28821
NZL,1994,1.745376
NZL,1995,3.754941
NZL,1996,2.285714
NZL,1997,1.187151
NZL,1998,1.26524
NZL,1999,-0.1142663
NZL,2000,2.615233
NZL,2001,2.625821
NZL,2002,2.677091
NZL,2003,1.753576
NZL,2004,2.290249
NZL,2005,3.037021
NZL,2006,3.365404
NZL,2007,2.376143
NZL,2008,3.958944
NZL,2009,2.115656
NZL,2010,2.302026
NZL,2011,4.027903
NZL,2012,1.059918
NZL,2013,1.134418
NZL,2014,1.227513
NZL,2015,0.2927033
NZL,2016,0.6462373
NZL,2017,1.850787
NZL,2018,1.598298
NZL,2019,1.619632
NZL,2020,1.714562
NZL,2021,3.941121
NZL,2022,7.172225
NZL,2023,5.733163
POL,1980,
POL,1981,
POL,1982,
POL,1983,
POL,1984,
POL,1985,
POL,1986,
POL,1987,
POL,1988,
POL,1989,
POL,1990,812.15
POL,1991,71.56667
POL,1992,42.85
POL,1993,35.475
POL,1994,32.19167
POL,1995,28.125
POL,1996,19.90833
POL,1997,14.95
POL,1998,11.86667
POL,1999,7.258333
POL,2000,10.09167
POL,2001,5.475
POL,2002,1.941667
POL,2003,0.8416666
POL,2004,3.491667
POL,2005,2.133333
POL,2006,1.033333
POL,2007,2.491667
POL,2008,4.216667
POL,2009,3.45
POL,2010,2.583333
POL,2011,4.266667
POL,2012,3.7
POL,2013,0.9
POL,2014,-0.025
POL,2015,-0.9333333
POL,2016,-0.5833333
POL,2017,1.975
POL,2018,1.666667
POL,2019,2.308333
POL,2020,3.4
POL,2021,5.1
POL,2022,14.3
POL,2023,11.56667
PRT,1980,15.86748
PRT,1981,19.04041
PRT,1982,21.67928
PRT,1983,24.00276
PRT,1984,28.38464
PRT,1985,19.46141
PRT,1986,12.33133
PRT,1987,9.634831
PRT,1988,10.10163
PRT,1989,12.6863
PRT,1990,13.63057
PRT,1991,11.84948
PRT,1992,9.55926
PRT,1993,6.78378
PRT,1994,5.42044
PRT,1995,4.222816
PRT,1996,3.068977
PRT,1997,2.336863
PRT,1998,2.572752
PRT,1999,2.340095
PRT,2000,2.85303
PRT,2001,4.369903
PRT,2002,3.600347
PRT,2003,3.218991
PRT,2004,2.365362
PRT,2005,2.277164
PRT,2006,3.107666
PRT,2007,2.453965
PRT,2008,2.588506
PRT,2009,-0.83553
PRT,2010,1.402573
PRT,2011,3.653011
PRT,2012,2.773339
PRT,2013,0.2744167
PRT,2014,-0.2781534
PRT,2015,0.4879386
PRT,2016,0.6073971
PRT,2017,1.368614
PRT,2018,0.9937157
PRT,2019,0.3381784
PRT,2020,-0.01243833
PRT,2021,1.265657
PRT,2022,7.832691
PRT,2023,4.311282
SVK,1980,
SVK,1981,
SVK,1982,
SVK,1983,
SVK,1984,
SVK,1985,
SVK,1986,
SVK,1987,
SVK,1988,
SVK,1989,
SVK,1990,
SVK,1991,
SVK,1992,9.893497
SVK,1993,23.28703
SVK,1994,13.41552
SVK,1995,9.841098
SVK,1996,5.775833
SVK,1997,6.141988
SVK,1998,6.665648
SVK,1999,10.57045
SVK,2000,12.03578
SVK,2001,7.329631
SVK,2002,3.127133
SVK,2003,8.554143
SVK,2004,7.548501
SVK,2005,2.709085
SVK,2006,4.483331
SVK,2007,2.756724
SVK,2008,4.59818
SVK,2009,1.615105
SVK,2010,0.9570181
SVK,2011,3.919286
SVK,2012,3.606103
SVK,2013,1.400474
SVK,2014,-0.07616533
SVK,2015,-0.3252198
SVK,2016,-0.5200102
SVK,2017,1.311946
SVK,2018,2.514037
SVK,2019,2.664561
SVK,2020,1.936941
SVK,2021,3.149606
SVK,2022,12.77415
SVK,2023,10.53195
SVN,1980,
SVN,1981,42.62295
SVN,1982,30.11255
SVN,1983,40.21349
SVN,1984,53.67198
SVN,1985,79.40636
SVN,1986,95.8865
SVN,1987,132.0727
SVN,1988,198.7537
SVN,1989,1281.444
SVN,1990,552.0835
SVN,1991,114.8329
SVN,1992,209.9338
SVN,1993,31.76213
SVN,1994,20.99182
SVN,1995,13.46372
SVN,1996,9.864456
SVN,1997,8.359679
SVN,1998,7.891166
SVN,1999,6.155588
SVN,2000,8.911745
SVN,2001,8.379666
SVN,2002,7.480778
SVN,2003,5.544164
SVN,2004,3.592976
SVN,2005,2.451501
SVN,2006,2.457924
SVN,2007,3.657496
SVN,2008,5.647424
SVN,2009,0.8392622
SVN,2010,1.80117
SVN,2011,1.802852
SVN,2012,2.597414
SVN,2013,1.769201
SVN,2014,0.1993438
SVN,2015,-0.5255523
SVN,2016,-0.05499954
SVN,2017,1.429107
SVN,2018,1.738609
SVN,2019,1.630523
SVN,2020,-0.05485681
SVN,2021,1.917065
SVN,2022,8.833699
SVN,2023,7.446877
SWE,1980,13.70632
SWE,1981,12.10394
SWE,1982,8.589185
SWE,1983,8.873021
SWE,1984,8.044243
SWE,1985,7.372575
SWE,1986,4.23591
SWE,1987,4.188571
SWE,1988,5.824899
SWE,1989,6.443276
SWE,1990,10.36655
SWE,1991,9.444628
SWE,1992,2.374367
SWE,1993,4.728173
SWE,1994,2.158138
SWE,1995,2.455149
SWE,1996,0.533132
SWE,1997,0.6584103
SWE,1998,-0.2671327
SWE,1999,0.4621758
SWE,2000,0.8991438
SWE,2001,2.405958
SWE,2002,2.158482
SWE,2003,1.925655
SWE,2004,0.3736598
SWE,2005,0.4531709
SWE,2006,1.360215
SWE,2007,2.212169
SWE,2008,3.437049
SWE,2009,-0.4944606
SWE,2010,1.157988
SWE,2011,2.961151
SWE,2012,0.8883775
SWE,2013,-0.04429297
SWE,2014,-0.1796385
SWE,2015,-0.04678474
SWE,2016,0.9842693
SWE,2017,1.794499
SWE,2018,1.953535
SWE,2019,1.784151
SWE,2020,0.4973673
SWE,2021,2.163197
SWE,2022,8.369291
SWE,2023,8.548625
USA,1980,13.5492
USA,1981,10.33471
USA,1982,6.131427
USA,1983,3.212435
USA,1984,4.300536
USA,1985,3.545644
USA,1986,1.898048
USA,1987,3.664563
USA,1988,4.077741
USA,1989,4.827003
USA,1990,5.397956
USA,1991,4.234964
USA,1992,3.02882
USA,1993,2.951657
USA,1994,2.607442
USA,1995,2.80542
USA,1996,2.931204
USA,1997,2.33769
USA,1998,1.552279
USA,1999,2.188027
USA,2000,3.376857
USA,2001,2.826171
USA,2002,1.586032
USA,2003,2.270095
USA,2004,2.677237
USA,2005,3.392747
USA,2006,3.225944
USA,2007,2.852673
USA,2008,3.8391
USA,2009,-0.3555463
USA,2010,1.640043
USA,2011,3.156842
USA,2012,2.069337
USA,2013,1.464833
USA,2014,1.622223
USA,2015,0.1186271
USA,2016,1.261583
USA,2017,2.13011
USA,2018,2.442583
USA,2019,1.81221
USA,2020,1.233584
USA,2021,4.697859
USA,2022,8.0028
USA,2023,4.116338
