iso3,year,ln_population
AUS,1980,16.502813685921694
AUS,1981,16.51843162753205
AUS,1982,16.535769066822827
AUS,1983,16.54945408141061
AUS,1984,16.561459509067802
AUS,1985,16.574780477414052
AUS,1986,16.589245498045326
AUS,1987,16.60445688708864
AUS,1988,16.620818374719406
AUS,1989,16.63774717165834
AUS,1990,16.652547641027308
AUS,1991,16.665293858882983
AUS,1992,16.676489835897687
AUS,1993,16.68538523415327
AUS,1994,16.695016159100053
AUS,1995,16.706153501308563
AUS,1996,16.718292051140782
AUS,1997,16.729112450336746
AUS,1998,16.73907979751476
AUS,1999,16.75001955554418
AUS,2000,16.761464284058956
AUS,2001,16.77430396497169
AUS,2002,16.785679352333634
AUS,2003,16.797181279665555
AUS,2004,16.80787326088613
AUS,2005,16.82004616819137
AUS,2006,16.833540676501258
AUS,2007,16.851790644454184
AUS,2008,16.87182975850661
AUS,2009,16.892438090134338
AUS,2010,16.907995152754747
AUS,2011,16.921890425910927
AUS,2012,16.939348625917663
AUS,2013,16.956560140317556
AUS,2014,16.97147580520884
AUS,2015,16.98586797173483
AUS,2016,17.001487376715872
AUS,2017,17.017955654689374
AUS,2018,17.032915621793506
AUS,2019,17.04769052889935
AUS,2020,17.06002481141249
AUS,2021,17.061433762245418
AUS,2022,17.07432687534397
AUS,2023,17.098671946979124
AUT,1980,15.836983019067363
AUT,1981,15.839533201381052
AUT,1982,15.8402503715614
AUT,1983,15.838634361748861
AUT,1984,15.83857141270794
AUT,1985,15.83904092238703
AUT,1986,15.839676412361722
AUT,1987,15.840309254400806
AUT,1988,15.84172496290399
AUT,1989,15.846230101901295
AUT,1990,15.853850118014455
AUT,1991,15.8638342990459
AUT,1992,15.874839821911182
AUT,1993,15.883086101321133
AUT,1994,15.886934796787918
AUT,1995,15.888465859394945
AUT,1996,15.889816057732432
AUT,1997,15.890949223815662
AUT,1998,15.892046507496673
AUT,1999,15.893992139029322
AUT,2000,15.896396805553787
AUT,2001,15.900224799498618
AUT,2002,15.90514460414117
AUT,2003,15.910015943089439
AUT,2004,15.916220074362782
AUT,2005,15.923032746845779
AUT,2006,15.927980724596765
AUT,2007,15.931222189949619
AUT,2008,15.934352604326234
AUT,2009,15.936972136225297
AUT,2010,15.939376079220304
AUT,2011,15.94274688763862
AUT,2012,15.94730626236181
AUT,2013,15.95320013490874
AUT,2014,15.961015551233999
AUT,2015,15.972225476257695
AUT,2016,15.983039439244974
AUT,2017,15.989985650281024
AUT,2018,15.994856369528714
AUT,2019,15.999303105918763
AUT,2020,16.003454873234418
AUT,2021,16.007811590074983
AUT,2022,16.017374468045748
AUT,2023,16.02726911458544
BEL,1980,16.10391984735594
BEL,1981,16.103893475812537
BEL,1982,16.103621706977695
BEL,1983,16.10354226227079
BEL,1984,16.10352724519292
BEL,1985,16.103825109419358
BEL,1986,16.10418159792719
BEL,1987,16.105034119335315
BEL,1988,16.108213381788904
BEL,1989,16.111845861647605
BEL,1990,16.11482821871074
BEL,1991,16.118544150367423
BEL,1992,16.122601285325985
BEL,1993,16.126507670504253
BEL,1994,16.12958964124112
BEL,1995,16.131684009621324
BEL,1996,16.133637941383707
BEL,1997,16.13605786023354
BEL,1998,16.13819313674025
BEL,1999,16.140485027770545
BEL,2000,16.142910207332758
BEL,2001,16.146349718908994
BEL,2002,16.15083240785721
BEL,2003,16.1550188229379
BEL,2004,16.159346705419193
BEL,2005,16.164847262500082
BEL,2006,16.17144284464989
BEL,2007,16.17878615295755
BEL,2008,16.18668592141235
BEL,2009,16.194731917138547
BEL,2010,16.203868311054865
BEL,2011,16.216878340071904
BEL,2012,16.22307997586528
BEL,2013,16.227793377304945
BEL,2014,16.232232670189696
BEL,2015,16.238027132606476
BEL,2016,16.24309013263099
BEL,2017,16.24694241281471
BEL,2018,16.251494259767462
BEL,2019,16.256898873038445
BEL,2020,16.26120884118944
BEL,2021,16.265324861154763
BEL,2022,16.27340651465478
BEL,2023,16.28190915213646
BGR,1980,15.997230558139451
BGR,1981,16.00056324639134
BGR,1982,16.003521374224302
BGR,1983,16.006016840232558
BGR,1984,16.00835656332986
BGR,1985,16.008341832194834
BGR,1986,16.008076634649573
BGR,1987,16.009547727575974
BGR,1988,16.010671451814215
BGR,1989,15.998971065826714
BGR,1990,15.980933561036034
BGR,1991,15.97102930123504
BGR,1992,15.960290769327436
BGR,1993,15.95231411081227
BGR,1994,15.948918250017421
BGR,1995,15.944464265012698
BGR,1996,15.93930696621633
BGR,1997,15.933218992670952
BGR,1998,15.926545965660289
BGR,1999,15.920939483412495
BGR,2000,15.916000519246161
BGR,2001,15.896094197202334
BGR,2002,15.874387209399332
BGR,2003,15.866466073022977
BGR,2004,15.858918103510241
BGR,2005,15.851388329055306
BGR,2006,15.843793269899995
BGR,2007,15.836440447060081
BGR,2008,15.829421219614622
BGR,2009,15.82297840598915
BGR,2010,15.816395651522791
BGR,2011,15.809983362317642
BGR,2012,15.804191156353998
BGR,2013,15.784021237260607
BGR,2014,15.771876143665825
BGR,2015,15.75916459247748
BGR,2016,15.746182188315798
BGR,2017,15.732943040140535
BGR,2018,15.719228428851277
BGR,2019,15.705111243643566
BGR,2020,15.695081861508275
BGR,2021,15.688435335283392
BGR,2022,15.681928573942514
BGR,2023,15.679062797523901
CAN,1980,17.014822940529285
CAN,1981,17.027156913077338
CAN,1982,17.039053156485096
CAN,1983,17.04893803215657
CAN,1984,17.058378379316984
CAN,1985,17.067516122070884
CAN,1986,17.077456523577194
CAN,1987,17.090638201394643
CAN,1988,17.10360445029424
CAN,1989,17.121546385443438
CAN,1990,17.13662299217192
CAN,1991,17.149050604485087
CAN,1992,17.16088735989898
CAN,1993,17.17187666868777
CAN,1994,17.18282924975838
CAN,1995,17.193176944597063
CAN,1996,17.203630062428246
CAN,1997,17.2135679483429
CAN,1998,17.221867041876138
CAN,1999,17.229995468113298
CAN,2000,17.239308283647823
CAN,2001,17.250170278195487
CAN,2002,17.26101821102844
CAN,2003,17.270010479128427
CAN,2004,17.279332348769906
CAN,2005,17.28880321146661
CAN,2006,17.298938805381106
CAN,2007,17.308645347114272
CAN,2008,17.319484058606214
CAN,2009,17.330931135453866
CAN,2010,17.342044655751035
CAN,2011,17.351798728260746
CAN,2012,17.36263619348411
CAN,2013,17.373170003289644
CAN,2014,17.38318423175861
CAN,2015,17.390787233211
CAN,2016,17.4021026306137
CAN,2017,17.414056988158855
CAN,2018,17.42838924972679
CAN,2019,17.443006375720604
CAN,2020,17.453850065431926
CAN,2021,17.459389089655794
CAN,2022,17.47742813540461
CAN,2023,17.50647493711073
CHE,1980,15.659136090849573
CHE,1981,15.664606739950896
CHE,1982,15.670449656704752
CHE,1983,15.674737535904777
CHE,1984,15.678328652428922
CHE,1985,15.682743079105336
CHE,1986,15.687946995218697
CHE,1987,15.694228152764127
CHE,1988,15.70157758332536
CHE,1989,15.709662943880868
CHE,1990,15.71993167460282
CHE,1991,15.732429934846984
CHE,1992,15.743455145569893
CHE,1993,15.752562301227778
CHE,1994,15.760533885338026
CHE,1995,15.76721630860037
CHE,1996,15.771632672667433
CHE,1997,15.77404158476899
CHE,1998,15.77701294242639
CHE,1999,15.781782141739246
CHE,2000,15.787401687913247
CHE,2001,15.793729400293433
CHE,2002,15.801294091751814
CHE,2003,15.808713287785537
CHE,2004,15.815587547387867
CHE,2005,15.8219935627903
CHE,2006,15.828269147523763
CHE,2007,15.837206057301994
CHE,2008,15.849912238040572
CHE,2009,15.86240708435331
CHE,2010,15.872822664929897
CHE,2011,15.883941454356219
CHE,2012,15.894559647644897
CHE,2013,15.906058445223021
CHE,2014,15.918259484957348
CHE,2015,15.929642856482122
CHE,2016,15.940563168220848
CHE,2017,15.949894727108234
CHE,2018,15.95726106685996
CHE,2019,15.964394203544403
CHE,2020,15.971700965494877
CHE,2021,15.979355975889842
CHE,2022,15.987655247728846
CHE,2023,16.000305090273624
CZE,1980,16.14806145774092
CZE,1981,16.14771183019455
CZE,1982,16.149092835707307
CZE,1983,16.14996789164123
CZE,1984,16.150583460437936
CZE,1985,16.151251664789715
CZE,1986,16.15174578103024
CZE,1987,16.152237913660777
CZE,1988,16.153006706247055
CZE,1989,16.153565878285413
CZE,1990,16.150887570553305
CZE,1991,16.148486922135408
CZE,1992,16.14950933378648
CZE,1993,16.150548804211244
CZE,1994,16.1509100218671
CZE,1995,16.150296881239864
CZE,1996,16.149133068247515
CZE,1997,16.148055440754774
CZE,1998,16.1471079932382
CZE,1999,16.146086233895247
CZE,2000,16.14328209281446
CZE,2001,16.1395248957711
CZE,2002,16.137595879595455
CZE,2003,16.137309673688264
CZE,2004,16.13761402217129
CZE,2005,16.13899728197176
CZE,2006,16.14170523826408
CZE,2007,16.147540660317933
CZE,2008,16.155834786347864
CZE,2009,16.161532080862045
CZE,2010,16.16444569760385
CZE,2011,16.166513174277203
CZE,2012,16.167912430834612
CZE,2013,16.168244130295115
CZE,2014,16.16929690611039
CZE,2015,16.171262793595115
CZE,2016,16.173183277753544
CZE,2017,16.175839704389034
CZE,2018,16.17918397701203
CZE,2019,16.18312186565405
CZE,2020,16.18555409247617
CZE,2021,16.167435378375917
CZE,2022,16.183145104047927
CZE,2023,16.20096899475252
DEU,1980,18.175912249933393
DEU,1981,18.177435334826992
DEU,1982,18.176484200461513
DEU,1983,18.173862674738462
DEU,1984,18.170406010715492
DEU,1985,18.168171111699667
DEU,1986,18.168628792339405
DEU,1987,18.170164968092266
DEU,1988,18.174071757694687
DEU,1989,18.181805127600793
DEU,1990,18.190424822088445
DEU,1991,18.19771087755406
DEU,1992,18.205314347021268
DEU,1993,18.211888259202144
DEU,1994,18.21535682568845
DEU,1995,18.218295870125615
DEU,1996,18.22119061912017
DEU,1997,18.222653751935788
DEU,1998,18.22280518844434
DEU,1999,18.223451534223393
DEU,2000,18.224805850227323
DEU,2001,18.226488103840698
DEU,2002,18.228169387034765
DEU,2003,18.22872302007064
DEU,2004,18.228505922794138
DEU,2005,18.227938140175787
DEU,2006,18.22681016519934
DEU,2007,18.22547297947333
DEU,2008,18.223571551026374
DEU,2009,18.22103771692474
DEU,2010,18.219505732455367
DEU,2011,18.200968586167797
DEU,2012,18.20284586417347
DEU,2013,18.205574866320283
DEU,2014,18.209743639911967
DEU,2015,18.21840066635147
DEU,2016,18.22647285173721
DEU,2017,18.230210097336165
DEU,2018,18.233215364356088
DEU,2019,18.235470563098215
DEU,2020,18.23628749468471
DEU,2021,18.236710765257264
DEU,2022,18.236491199555413
DEU,2023,18.23780631035019
DNK,1980,15.449256033256855
DNK,1981,15.448971981141241
DNK,1982,15.448237171136249
DNK,1983,15.447550509017091
DNK,1984,15.447026741745539
DNK,1985,15.4474320106378
DNK,1986,15.44876928845215
DNK,1987,15.45003593185494
DNK,1988,15.45052186571744
DNK,1989,15.451121742368985
DNK,1990,15.45274630557141
DNK,1991,15.45534148769256
DNK,1992,15.458648201709696
DNK,1993,15.461979865666315
DNK,1994,15.465356939428748
DNK,1995,15.470566561239536
DNK,1996,15.476225824658881
DNK,1997,15.480381474352196
DNK,1998,15.484013099588203
DNK,1999,15.48732196205007
DNK,2000,15.490664298238363
DNK,2001,15.494247455027917
DNK,2002,15.497442326281327
DNK,2003,15.500162430721643
DNK,2004,15.502746753542171
DNK,2005,15.505501570876264
DNK,2006,15.508788022465463
DNK,2007,15.513222683008678
DNK,2008,15.519098158911268
DNK,2009,15.524448949532061
DNK,2010,15.528890921077156
DNK,2011,15.533008299629106
DNK,2012,15.536771022055307
DNK,2013,15.540940035662826
DNK,2014,15.546010568492928
DNK,2015,15.553074806989798
DNK,2016,15.560878733431151
DNK,2017,15.567312242468525
DNK,2018,15.572270631727315
DNK,2019,15.575851940886242
DNK,2020,15.578768352661008
DNK,2021,15.583102497555105
DNK,2022,15.590977522202506
DNK,2023,15.598389377359705
ESP,1980,17.4396158631826
ESP,1981,17.446724643287723
ESP,1982,17.45272854466013
ESP,1983,17.457600376765864
ESP,1984,17.4617529337896
ESP,1985,17.465376589438765
ESP,1986,17.46836441310691
ESP,1987,17.47095770373893
ESP,1988,17.47307835373162
ESP,1989,17.474646115707806
ESP,1990,17.475664404133877
ESP,1991,17.478209678379386
ESP,1992,17.483107257433787
ESP,1993,17.48829269264245
ESP,1994,17.493053698194142
ESP,1995,17.49746735568952
ESP,1996,17.501632513671648
ESP,1997,17.505823708843668
ESP,1998,17.50996218365481
ESP,1999,17.514015413910037
ESP,2000,17.518486784055394
ESP,2001,17.52542746489874
ESP,2002,17.53955341894632
ESP,2003,17.557637963628153
ESP,2004,17.574892626662635
ESP,2005,17.59178611713384
ESP,2006,17.60868964269645
ESP,2007,17.62720045578097
ESP,2008,17.643153760771607
ESP,2009,17.65201112057734
ESP,2010,17.65661520362785
ESP,2011,17.660168587592565
ESP,2012,17.66081784721818
ESP,2013,17.657201159418005
ESP,2014,17.654118062194566
ESP,2015,17.653290569816026
ESP,2016,17.65406222854216
ESP,2017,17.656493569407864
ESP,2018,17.661009306652936
ESP,2019,17.668176284407693
ESP,2020,17.673276386303904
ESP,2021,17.675056853255118
ESP,2022,17.68224540204672
ESP,2023,17.694029063915565
EST,1980,14.205671824049505
EST,1981,14.212719006814135
EST,1982,14.219917773367888
EST,1983,14.22678873738673
EST,1984,14.233310610219881
EST,1985,14.239981243782829
EST,1986,14.24741634340292
EST,1987,14.25519736649504
EST,1988,14.261413586845814
EST,1989,14.265395022321092
EST,1990,14.266059924227935
EST,1991,14.261038332375978
EST,1992,14.242796516822766
EST,1993,14.217053317042401
EST,1994,14.195667430691904
EST,1995,14.177813435334286
EST,1996,14.163059788959016
EST,1997,14.151650596556689
EST,1998,14.1420450065108
EST,1999,14.144989829269953
EST,2000,14.149826900887252
EST,2001,14.1434572696427
EST,2002,14.137122931678464
EST,2003,14.13084670719787
EST,2004,14.124868502093916
EST,2005,14.119145946847318
EST,2006,14.113249391248916
EST,2007,14.108687505898017
EST,2008,14.106006168702605
EST,2009,14.104078487928401
EST,2010,14.101797908243109
EST,2011,14.098762080006669
EST,2012,14.09518263589223
EST,2013,14.091623717865975
EST,2014,14.089001156114996
EST,2015,14.089656681410414
EST,2016,14.089947803665954
EST,2017,14.091158509980621
EST,2018,14.094638901360426
EST,2019,14.098354445250802
EST,2020,14.100330037102578
EST,2021,14.10139000666568
EST,2022,14.114755521780507
EST,2023,14.130530035141241
FIN,1980,15.379853819400871
FIN,1981,15.384118975849994
FIN,1982,15.38972183428941
FIN,1983,15.395681747497505
FIN,1984,15.401025176806241
FIN,1985,15.405195865851036
FIN,1986,15.408443814810106
FIN,1987,15.411280082128146
FIN,1988,15.41418697263827
FIN,1989,15.417797160628306
FIN,1990,15.422230981367449
FIN,1991,15.427692701549327
FIN,1992,15.433311800056789
FIN,1993,15.43815034094537
FIN,1994,15.442460829973669
FIN,1995,15.44627738330824
FIN,1996,15.449557762444515
FIN,1997,15.45253153574878
FIN,1998,15.455186265373142
FIN,1999,15.457507427864332
FIN,2000,15.459583493018465
FIN,2001,15.461860366437328
FIN,2002,15.464284176939662
FIN,2003,15.466668749340345
FIN,2004,15.469572252955532
FIN,2005,15.4729947388984
FIN,2006,15.476832510261453
FIN,2007,15.481086808582457
FIN,2008,15.485742301427535
FIN,2009,15.490524765362364
FIN,2010,15.495099710717023
FIN,2011,15.499735297792014
FIN,2012,15.504493392658846
FIN,2013,15.5091006303867
FIN,2014,15.513236232461892
FIN,2015,15.516530071320078
FIN,2016,15.519404285336954
FIN,2017,15.52175099065401
FIN,2018,15.523077401061927
FIN,2019,15.524179317966839
FIN,2020,15.525615729938966
FIN,2021,15.52768861588304
FIN,2022,15.530408061148101
FIN,2023,15.535399984901913
FRA,1980,17.827816522047936
FRA,1981,17.833754063157887
FRA,1982,17.837406086617417
FRA,1983,17.842794844318625
FRA,1984,17.847679760138366
FRA,1985,17.852678217940223
FRA,1986,17.857789632997846
FRA,1987,17.86322055354632
FRA,1988,17.869001632114646
FRA,1989,17.874971396682643
FRA,1990,17.880443679753213
FRA,1991,17.88546409628023
FRA,1992,17.890444344106477
FRA,1993,17.894793832951866
FRA,1994,17.898539050970328
FRA,1995,17.902180646604286
FRA,1996,17.905755126688046
FRA,1997,17.909322745166605
FRA,1998,17.91302814747334
FRA,1999,17.918186748908575
FRA,2000,17.925050106104244
FRA,2001,17.932340045595225
FRA,2002,17.939610375621637
FRA,2003,17.94666676398911
FRA,2004,17.953993019014383
FRA,2005,17.961511870182598
FRA,2006,17.968475255930883
FRA,2007,17.974657512756817
FRA,2008,17.980237718888297
FRA,2009,17.98537122902155
FRA,2010,17.99030099273188
FRA,2011,17.99512766684195
FRA,2012,17.9999648160363
FRA,2013,18.00513396616647
FRA,2014,18.009882444628186
FRA,2015,18.013438137028768
FRA,2016,18.01607682491442
FRA,2017,18.018978846077932
FRA,2018,18.022563791896093
FRA,2019,18.025889383186374
FRA,2020,18.02913496099673
FRA,2021,18.03270398432062
FRA,2022,18.037727193613996
FRA,2023,18.040478125048434
GBR,1980,17.846457565676534
GBR,1981,17.846805782997098
GBR,1982,17.84644735505875
GBR,1983,17.846788368797508
GBR,1984,17.84837098742955
GBR,1985,17.85064049968405
GBR,1986,17.852956601982395
GBR,1987,17.85508297458939
GBR,1988,17.85730361352901
GBR,1989,17.85990672802979
GBR,1990,17.86289603357075
GBR,1991,17.865988512893946
GBR,1992,17.868692824714763
GBR,1993,17.871090279107626
GBR,1994,17.873636143976217
GBR,1995,17.876281618144805
GBR,1996,17.878827881986954
GBR,1997,17.881403415219758
GBR,1998,17.88431747607408
GBR,1999,17.887651534895927
GBR,2000,17.891224543770143
GBR,2001,17.895074303465783
GBR,2002,17.899307674262147
GBR,2003,17.903964085398176
GBR,2004,17.90965351653239
GBR,2005,17.916519629593125
GBR,2006,17.923870116377337
GBR,2007,17.93165677750175
GBR,2008,17.93952710372494
GBR,2009,17.947091012320875
GBR,2010,17.954929898787338
GBR,2011,17.962744964409705
GBR,2012,17.969867790092547
GBR,2013,17.976563161212827
GBR,2014,17.984034518360627
GBR,2015,17.99125075839037
GBR,2016,17.999192955538568
GBR,2017,18.00465001573942
GBR,2018,18.009534528872233
GBR,2019,18.014680492680636
GBR,2020,18.016374963564047
GBR,2021,18.019964342866405
GBR,2022,18.029177710860257
GBR,2023,18.042227508091
GRC,1980,16.081691487602107
GRC,1981,16.090657648230824
GRC,1982,16.096822268632003
GRC,1983,16.102639517955264
GRC,1984,16.107621083717266
GRC,1985,16.111503973508924
GRC,1986,16.114811564243972
GRC,1987,16.118155149188265
GRC,1988,16.121787129061318
GRC,1989,16.127005638862176
GRC,1990,16.137583718981997
GRC,1991,16.149587244349263
GRC,1992,16.157226071573813
GRC,1993,16.16310869076622
GRC,1994,16.168115725144922
GRC,1995,16.17278769803692
GRC,1996,16.177194403345528
GRC,1997,16.182127074793783
GRC,1998,16.18766919382301
GRC,1999,16.191503906939197
GRC,2000,16.19559432532158
GRC,2001,16.200793169961198
GRC,2002,16.20445883458268
GRC,2003,16.206845266335883
GRC,2004,16.20931940176411
GRC,2005,16.21225189250464
GRC,2006,16.215255210514304
GRC,2007,16.217802786333664
GRC,2008,16.220457364700927
GRC,2009,16.223087628714396
GRC,2010,16.224376433041076
GRC,2011,16.222896920267054
GRC,2012,16.217489390761617
GRC,2013,16.210238182695036
GRC,2014,16.203577049794717
GRC,2015,16.196988436185933
GRC,2016,16.192829305903164
GRC,2017,16.190851473655563
GRC,2018,16.188822671272973
GRC,2019,16.187769277345733
GRC,2020,16.185623356280015
GRC,2021,16.17345533138016
GRC,2022,16.160856436807453
GRC,2023,16.15802294135018
HUN,1980,16.18679319884155
HUN,1981,16.18686097655867
HUN,1982,16.186271455403556
HUN,1983,16.184769047876042
HUN,1984,16.18276806938125
HUN,1985,16.18094959774693
HUN,1986,16.179243806295396
HUN,1987,16.177565818413385
HUN,1988,16.176033089057835
HUN,1989,16.165143250123815
HUN,1990,16.154812077154816
HUN,1991,16.154755395320922
HUN,1992,16.15436402948824
HUN,1993,16.15322367354431
HUN,1994,16.15185484250128
HUN,1995,16.150462642465264
HUN,1996,16.148744926378974
HUN,1997,16.146730337015615
HUN,1998,16.144403543646952
HUN,1999,16.1415709375421
HUN,2000,16.138973288459212
HUN,2001,16.13667949662613
HUN,2002,16.133831982854158
HUN,2003,16.13096765017287
HUN,2004,16.12875325638632
HUN,2005,16.12676446795395
HUN,2006,16.125207303107437
HUN,2007,16.123658151526826
HUN,2008,16.121907177852076
HUN,2009,16.12035808971257
HUN,2010,16.118097950955676
HUN,2011,16.115264346596206
HUN,2012,16.110099970530726
HUN,2013,16.10528737406514
HUN,2014,16.10125849829261
HUN,2015,16.09766383576494
HUN,2016,16.093777855615187
HUN,2017,16.090390996721485
HUN,2018,16.088354124023635
HUN,2019,16.087102692806642
HUN,2020,16.08458219637701
HUN,2021,16.080490559984383
HUN,2022,16.077802058475783
HUN,2023,16.07645936666078
IRL,1980,15.043043626699223
IRL,1981,15.05475397637213
IRL,1982,15.064208131069718
IRL,1983,15.071297521004382
IRL,1984,15.077494595709476
IRL,1985,15.079095330369409
IRL,1986,15.079549710653957
IRL,1987,15.079653386675242
IRL,1988,15.075376526038736
IRL,1989,15.071414018519542
IRL,1990,15.07225814872628
IRL,1991,15.078007426538338
IRL,1992,15.084829994318202
IRL,1993,15.089828399189333
IRL,1994,15.093770275575869
IRL,1995,15.098897226129056
IRL,1996,15.106809939599
IRL,1997,15.116838086951185
IRL,1998,15.1272688553123
IRL,1999,15.138541850877248
IRL,2000,15.151872277535919
IRL,2001,15.167793792439848
IRL,2002,15.184645281012877
IRL,2003,15.200934790632179
IRL,2004,15.219217928811268
IRL,2005,15.241004958946831
IRL,2006,15.267965015382789
IRL,2007,15.296874615429205
IRL,2008,15.317261695540926
IRL,2009,15.32741832830016
IRL,2010,15.33286717214095
IRL,2011,15.337227896533534
IRL,2012,15.341465334566513
IRL,2013,15.34673089615507
IRL,2014,15.354040909920927
IRL,2015,15.363489362995674
IRL,2016,15.376329911503914
IRL,2017,15.389827900159315
IRL,2018,15.4043420081134
IRL,2019,15.420228549073858
IRL,2020,15.43286644037487
IRL,2021,15.446824437036392
IRL,2022,15.466634603443364
IRL,2023,15.485391993464479
ISL,1980,12.337705987996605
ISL,1981,12.349111820602714
ISL,1982,12.362477924694309
ISL,1983,12.375718368994459
ISL,1984,12.38635462379719
ISL,1985,12.394231299941424
ISL,1986,12.40155718885041
ISL,1987,12.412513479857655
ISL,1988,12.428175655669136
ISL,1989,12.440559616304808
ISL,1990,12.448336238290661
ISL,1991,12.459927732491664
ISL,1992,12.472494053265628
ISL,1993,12.48266217255001
ISL,1994,12.491330532016077
ISL,1995,12.496755211994193
ISL,1996,12.502154342160287
ISL,1997,12.510346313074875
ISL,1998,12.521054903506846
ISL,1999,12.53314729136642
ISL,2000,12.546839219699402
ISL,2001,12.560132172245083
ISL,2002,12.569058136019713
ISL,2003,12.575983112224474
ISL,2004,12.584762473801348
ISL,2005,12.600591393579396
ISL,2006,12.624065617882234
ISL,2007,12.6493664727763
ISL,2008,12.667962194482293
ISL,2009,12.671374614272
ISL,2010,12.66993558426906
ISL,2011,12.672990267951304
ISL,2012,12.678311275300475
ISL,2013,12.687770134304166
ISL,2014,12.698895181856445
ISL,2015,12.709314585722742
ISL,2016,12.723195400681126
ISL,2017,12.746651227445513
ISL,2018,12.773432655137803
ISL,2019,12.79542197772042
ISL,2020,12.81165284023301
ISL,2021,12.828046006635594
ISL,2022,12.853183740961017
ISL,2023,12.862719210115923
ITA,1980,17.848580298494138
ITA,1981,17.849780841694933
ITA,1982,17.85052166029485
ITA,1983,17.85088460666155
ITA,1984,17.851108115792588
ITA,1985,17.85139711518471
ITA,1986,17.85145160800368
ITA,1987,17.851553659199226
ITA,1988,17.852036865169698
ITA,1989,17.852786955215052
ITA,1990,17.853624040944638
ITA,1991,17.85431635283417
ITA,1992,17.85499559716498
ITA,1993,17.85560695569501
ITA,1994,17.855810676434466
ITA,1995,17.85582656205756
ITA,1996,17.85610760613763
ITA,1997,17.85663667564024
ITA,1998,17.85692441579901
ITA,1999,17.857092624243567
ITA,2000,17.85754566055495
ITA,2001,17.858157902127378
ITA,2002,17.860136445084052
ITA,2003,17.865540645160873
ITA,2004,17.872986740791998
ITA,2005,17.878823274548928
ITA,2006,17.882824067658635
ITA,2007,17.888908037250598
ITA,2008,17.896620950264115
ITA,2009,17.90241843647352
ITA,2010,17.90684069804439
ITA,2011,17.910302370155193
ITA,2012,17.91303750103654
ITA,2013,17.915035230219583
ITA,2014,17.915186002417567
ITA,2015,17.913674566804808
ITA,2016,17.91177366194095
ITA,2017,17.90989265281535
ITA,2018,17.912329689246626
ITA,2019,17.905329578686892
ITA,2020,17.900458627769716
ITA,2021,17.89530262778127
ITA,2022,17.893279619112445
ITA,2023,17.892780440654956
JPN,1980,18.57603355806943
JPN,1981,18.58331816642957
JPN,1982,18.590254727923817
JPN,1983,18.59721056095451
JPN,1984,18.60369372832184
JPN,1985,18.609953087958086
JPN,1986,18.615276661621706
JPN,1987,18.620097016591455
JPN,1988,18.62425812001341
JPN,1989,18.628255731658452
JPN,1990,18.631573560512088
JPN,1991,18.635501758836906
JPN,1992,18.639213682708892
JPN,1993,18.642455358700328
JPN,1994,18.645247282340065
JPN,1995,18.647593184074196
JPN,1996,18.649862031398804
JPN,1997,18.65224474357472
JPN,1998,18.65496203967703
JPN,1999,18.656787903418433
JPN,2000,18.658460659199566
JPN,2001,18.660870185074774
JPN,2002,18.663195456945832
JPN,2003,18.66533526643363
JPN,2004,18.665671889016355
JPN,2005,18.66576580998193
JPN,2006,18.66639954587611
JPN,2007,18.667548634353373
JPN,2008,18.668032888299354
JPN,2009,18.66790794198706
JPN,2010,18.668087547402255
JPN,2011,18.666235282538146
JPN,2012,18.664638175779704
JPN,2013,18.663195456945832
JPN,2014,18.66186851472436
JPN,2015,18.660807264786893
JPN,2016,18.66029589063476
JPN,2017,18.6594771476743
JPN,2018,18.658208346993412
JPN,2019,18.65680369721463
JPN,2020,18.65386175103713
JPN,2021,18.649262226879053
JPN,2022,18.644823707687568
JPN,2023,18.639949999867074
LTU,1980,15.043161411604784
LTU,1981,15.048929633928578
LTU,1982,15.055963496562407
LTU,1983,15.064033693915999
LTU,1984,15.072323884103847
LTU,1985,15.080919795674918
LTU,1986,15.090569960401064
LTU,1987,15.100980488706933
LTU,1988,15.111620057368903
LTU,1989,15.119578892202904
LTU,1990,15.12325888250614
LTU,1991,15.124960051199663
LTU,1992,15.123874187950621
LTU,1993,15.119133112523619
LTU,1994,15.11219307289443
LTU,1995,15.10449579271672
LTU,1996,15.096892358634976
LTU,1997,15.08951405505431
LTU,1998,15.082269692988309
LTU,1999,15.075174800647591
LTU,2000,15.068140946242702
LTU,2001,15.059900859012261
LTU,2002,15.051873201904776
LTU,2003,15.043750420930708
LTU,2004,15.032520508182385
LTU,2005,15.01623649692304
LTU,2006,15.000272713740031
LTU,2007,14.988393234167441
LTU,2008,14.978108402412788
LTU,2009,14.967004944869064
LTU,2010,14.946035510670518
LTU,2011,14.923450871682235
LTU,2012,14.910495944032245
LTU,2013,14.901122034455133
LTU,2014,14.892985348792818
LTU,2015,14.884044666204003
LTU,2016,14.872371601047618
LTU,2017,14.860243404026887
LTU,2018,14.851963714723997
LTU,2019,14.849082510717947
LTU,2020,14.84882634941462
LTU,2021,14.848118362607208
LTU,2022,14.85636625391912
LTU,2023,14.87037470010208
LUX,1980,12.805321149646062
LUX,1981,12.808268881000714
LUX,1982,12.80908995528564
LUX,1983,12.80935529180639
LUX,1984,12.810383147887698
LUX,1985,12.812315716074455
LUX,1986,12.816802426065257
LUX,1987,12.823283260000178
LUX,1988,12.830539405785213
LUX,1989,12.840265683246448
LUX,1990,12.85278314031653
LUX,1991,12.866179972011919
LUX,1992,12.879463447724442
LUX,1993,12.89288731801691
LUX,1994,12.90650571939092
LUX,1995,12.920553144026512
LUX,1996,12.934164583437498
LUX,1997,12.946699608274441
LUX,1998,12.959138316301363
LUX,1999,12.972644529154387
LUX,2000,12.986085359111701
LUX,2001,12.997989922564571
LUX,2002,13.008466530724217
LUX,2003,13.02061853952068
LUX,2004,13.034831865167812
LUX,2005,13.050132411801899
LUX,2006,13.066082930979347
LUX,2007,13.081526799444402
LUX,2008,13.099401765766983
LUX,2009,13.117919518071346
LUX,2010,13.136173576106584
LUX,2011,13.158400181139255
LUX,2012,13.182415600137544
LUX,2013,13.205527362665064
LUX,2014,13.22909714971347
LUX,2015,13.252696661527155
LUX,2016,13.274249781407077
LUX,2017,13.298559545584688
LUX,2018,13.317847920724564
LUX,2019,13.3374763699232
LUX,2020,13.354139956665527
LUX,2021,13.369323450336188
LUX,2022,13.38949012935746
LUX,2023,13.409690386828693
LVA,1980,14.736470770823333
LVA,1981,14.739539671183534
LVA,1982,14.744156647087792
LVA,1983,14.750038378592905
LVA,1984,14.756317106313483
LVA,1985,14.76286303975798
LVA,1986,14.770980463667426
LVA,1987,14.781194319866763
LVA,1988,14.791365208131257
LVA,1989,14.796447930130913
LVA,1990,14.795020566155095
LVA,1991,14.79028941921469
LVA,1992,14.77652146855634
LVA,1993,14.756802147599304
LVA,1994,14.740063860591793
LVA,1995,14.725805752470219
LVA,1996,14.714542001511985
LVA,1997,14.70457437862441
LVA,1998,14.695145189253187
LVA,1999,14.687005577214466
LVA,2000,14.677366223143542
LVA,2001,14.664451353708055
LVA,2002,14.65283297146862
LVA,2003,14.643168963456244
LVA,2004,14.632255833900501
LVA,2005,14.621450119331383
LVA,2006,14.612277389756501
LVA,2007,14.604115634690672
LVA,2008,14.59360623924693
LVA,2009,14.577095989571017
LVA,2010,14.556282938672206
LVA,2011,14.538075268651406
LVA,2012,14.52567167711848
LVA,2013,14.51496132908557
LVA,2014,14.505543895543228
LVA,2015,14.49735763213377
LVA,2016,14.488218778811504
LVA,2017,14.47935662307858
LVA,2018,14.471565239116659
LVA,2019,14.464612847715298
LVA,2020,14.457600732007965
LVA,2021,14.449167785227914
LVA,2022,14.446454089450157
LVA,2023,14.44875379445718
NLD,1980,16.46521104767801
NLD,1981,16.472071515657618
NLD,1982,16.47665711429979
NLD,1983,16.48044934025773
NLD,1984,16.484418672155414
NLD,1985,16.489081937354236
NLD,1986,16.494631514611843
NLD,1987,16.500976783404486
NLD,1988,16.507437745680008
NLD,1989,16.513436817810568
NLD,1990,16.520322856044956
NLD,1991,16.528203166398708
NLD,1992,16.535763732332676
NLD,1993,16.542733645633927
NLD,1994,16.54876303037667
NLD,1995,16.55370230410182
NLD,1996,16.558316261577897
NLD,1997,16.56346393159907
NLD,1998,16.569630336905867
NLD,1999,16.576285268776598
NLD,2000,16.58343297240444
NLD,2001,16.59098137298179
NLD,2002,16.597364289644478
NLD,2003,16.602082433632358
NLD,2004,16.605557187752847
NLD,2005,16.60789381923223
NLD,2006,16.609499955920807
NLD,2007,16.61167517193275
NLD,2008,16.615568096547744
NLD,2009,16.620710941996023
NLD,2010,16.625840173001556
NLD,2011,16.630504460823566
NLD,2012,16.634205011171268
NLD,2013,16.637153219105684
NLD,2014,16.64075150083295
NLD,2015,16.645183701723305
NLD,2016,16.650505490519393
NLD,2017,16.656417524181034
NLD,2018,16.66225685827024
NLD,2019,16.66880757401829
NLD,2020,16.674362981920844
NLD,2021,16.67959788700253
NLD,2022,16.689130676231077
NLD,2023,16.699032073098078
NOR,1980,15.222984049545415
NOR,1981,15.226424846106175
NOR,1982,15.230097628906716
NOR,1983,15.233408231830776
NOR,1984,15.236230258559063
NOR,1985,15.239224973562706
NOR,1986,15.242791860000015
NOR,1987,15.247472355467544
NOR,1988,15.252851583060936
NOR,1989,15.256979658408792
NOR,1990,15.260421172537145
NOR,1991,15.265186208387194
NOR,1992,15.27095801106846
NOR,1993,15.276910304370276
NOR,1994,15.282604186647927
NOR,1995,15.287795441846052
NOR,1996,15.292864258673672
NOR,1997,15.298286458033965
NOR,1998,15.304240561467433
NOR,1999,15.31108815580156
NOR,2000,15.317578604013486
NOR,2001,15.322639073119058
NOR,2002,15.328031981169563
NOR,2003,15.333897308089432
NOR,2004,15.339806617486335
NOR,2005,15.346617347128209
NOR,2006,15.354671274519818
NOR,2007,15.3650186196726
NOR,2008,15.377481949826118
NOR,2009,15.390093222719885
NOR,2010,15.402549884515507
NOR,2011,15.415521778422436
NOR,2012,15.428656188309334
NOR,2013,15.440747604202349
NOR,2014,15.452024970975842
NOR,2015,15.461975818345426
NOR,2016,15.470785516499024
NOR,2017,15.478862248317874
NOR,2018,15.485463156760364
NOR,2019,15.492213770492821
NOR,2020,15.498101343733252
NOR,2021,15.503449066552001
NOR,2022,15.512433018758106
NOR,2023,15.523816133032069
NZL,1980,14.9510653255541
NZL,1981,14.954912840640628
NZL,1982,14.964847646123994
NZL,1983,14.978442593840684
NZL,1984,14.987094459088206
NZL,1985,14.993272848270122
NZL,1986,14.99302644422785
NZL,1987,15.00164520416033
NZL,1988,15.004390028842554
NZL,1989,15.009190572804778
NZL,1990,15.018422800092889
NZL,1991,15.066872545544014
NZL,1992,15.077289899386232
NZL,1993,15.08869221045252
NZL,1994,15.101984583801954
NZL,1995,15.11662822167657
NZL,1996,15.132454840949372
NZL,1997,15.14557842381436
NZL,1998,15.154451222700695
NZL,1999,15.159706068062826
NZL,2000,15.16558170892664
NZL,2001,15.17147456927633
NZL,2002,15.188846317919772
NZL,2003,15.20858190336319
NZL,2004,15.223444094187647
NZL,2005,15.234731829284446
NZL,2006,15.246921677887288
NZL,2007,15.25624575476241
NZL,2008,15.264732768786637
NZL,2009,15.274730049098721
NZL,2010,15.285847309658937
NZL,2011,15.293472107609988
NZL,2012,15.298954315582971
NZL,2013,15.306637795564919
NZL,2014,15.323247915572034
NZL,2015,15.343608254658527
NZL,2016,15.366068575660085
NZL,2017,15.386955802888279
NZL,2018,15.404868204564183
NZL,2019,15.418990758424128
NZL,2020,15.439324636342882
NZL,2021,15.441726921637192
NZL,2022,15.441156409242582
NZL,2023,15.464169183551656
POL,1980,17.38712980847133
POL,1981,17.396208493352432
POL,1982,17.4054113390735
POL,1983,17.414788228334704
POL,1984,17.423834135255905
POL,1985,17.4318699900026
POL,1986,17.438680645768866
POL,1987,17.444322680259354
POL,1988,17.44846725508803
POL,1989,17.45208381013612
POL,1990,17.456007792188196
POL,1991,17.459554583871675
POL,1992,17.462621397779795
POL,1993,17.465165906919175
POL,1994,17.46727603020737
POL,1995,17.468633240545905
POL,1996,17.469393982369553
POL,1997,17.4700485360638
POL,1998,17.470406069077423
POL,1999,17.47032304154917
POL,2000,17.459879687565387
POL,2001,17.459603816318104
POL,2002,17.459140626945604
POL,2003,17.45846569992914
POL,2004,17.457880572577867
POL,2005,17.457441083044543
POL,2006,17.45680737730162
POL,2007,17.456264327093578
POL,2008,17.456400700890406
POL,2009,17.457078333160617
POL,2010,17.45422224194527
POL,2011,17.45475993903405
POL,2012,17.454757548274017
POL,2013,17.454153948099272
POL,2014,17.453405485806353
POL,2015,17.452739074796696
POL,2016,17.45230922348795
POL,2017,17.452434024473796
POL,2018,17.452432023145967
POL,2019,17.452187752074973
POL,2020,17.440271349454385
POL,2021,17.425929940957836
POL,2022,17.42159923399901
POL,2023,17.417942648730254
PRT,1980,16.094449470666643
PRT,1981,16.103120277700963
PRT,1982,16.10923359871511
PRT,1983,16.113873249153226
PRT,1984,16.117718779951364
PRT,1985,16.12045416747038
PRT,1986,16.121363705047568
PRT,1987,16.12109425066116
PRT,1988,16.120054730707817
PRT,1989,16.11859552599997
PRT,1990,16.116416041203244
PRT,1991,16.114111223659947
PRT,1992,16.113333730992824
PRT,1993,16.114556896947654
PRT,1994,16.117247791627157
PRT,1995,16.120709831010178
PRT,1996,16.124469792883577
PRT,1997,16.12893439893329
PRT,1998,16.133988291267116
PRT,1999,16.13964459569147
PRT,2000,16.14667319522466
PRT,2001,16.153725501597897
PRT,2002,16.159202180994505
PRT,2003,16.162956295143065
PRT,2004,16.165347585039182
PRT,2005,16.16720290770573
PRT,2006,16.169006232120505
PRT,2007,16.17096927596538
PRT,2008,16.172411188763913
PRT,2009,16.173364497356285
PRT,2010,16.17382359772347
PRT,2011,16.172352748937715
PRT,2012,16.168298531060238
PRT,2013,16.162810378950716
PRT,2014,16.157418474282796
PRT,2015,16.153277063262863
PRT,2016,16.150122473092885
PRT,2017,16.147683578989298
PRT,2018,16.14608253877783
PRT,2019,16.146319873724327
PRT,2020,16.147371014976795
PRT,2021,16.153639516631124
PRT,2022,16.160612081111356
PRT,2023,16.174303379707034
SVK,1980,15.420903299716432
SVK,1981,15.428164294090156
SVK,1982,15.435907994814666
SVK,1983,15.443175543435046
SVK,1984,15.450050170032936
SVK,1985,15.456789714430467
SVK,1986,15.462983480883993
SVK,1987,15.468551873213812
SVK,1988,15.47385215193399
SVK,1989,15.478667799582269
SVK,1990,15.48306397052953
SVK,1991,15.483838694899312
SVK,1992,15.484163346048293
SVK,1993,15.487980544914803
SVK,1994,15.491921089215124
SVK,1995,15.494847411280448
SVK,1996,15.496964155244767
SVK,1997,15.498810455156821
SVK,1998,15.500151671141674
SVK,1999,15.501172202752135
SVK,2000,15.499818437874191
SVK,2001,15.49798831516423
SVK,2002,15.497624789654543
SVK,2003,15.49696657458422
SVK,2004,15.496762957381623
SVK,2005,15.496861048723355
SVK,2006,15.496907019911712
SVK,2007,15.497198803923645
SVK,2008,15.498056356918841
SVK,2009,15.499388930129118
SVK,2010,15.500320842861019
SVK,2011,15.501610207488255
SVK,2012,15.503312046041517
SVK,2013,15.50438662613644
SVK,2014,15.505357080352276
SVK,2015,15.506307419138757
SVK,2016,15.507596642438328
SVK,2017,15.509148432395202
SVK,2018,15.510533513991314
SVK,2019,15.511886794719723
SVK,2020,15.512744489475873
SVK,2021,15.510620901399763
SVK,2022,15.507772291802878
SVK,2023,15.506849143292765
SVN,1980,14.45805631000543
SVN,1981,14.460795918310161
SVN,1982,14.462788653844939
SVN,1983,14.469043868094744
SVN,1984,14.474146000722843
SVN,1985,14.479044049776439
SVN,1986,14.491493268229632
SVN,1987,14.503532627550936
SVN,1988,14.506252849094352
SVN,1989,14.506831572096855
SVN,1990,14.507737815524775
SVN,1991,14.508372197761336
SVN,1992,14.506905203731844
SVN,1993,14.504522198956424
SVN,1994,14.503365258024012
SVN,1995,14.503580873023912
SVN,1996,14.502955511686451
SVN,1997,14.501610968256228
SVN,1998,14.499429791688877
SVN,1999,14.500144100134015
SVN,2000,14.50310484973452
SVN,2001,14.504679837154995
SVN,2002,14.505918991578229
SVN,2003,14.5065219593708
SVN,2004,14.507162621393418
SVN,2005,14.508894710444157
SVN,2006,14.512085855809866
SVN,2007,14.517677933965235
SVN,2008,14.519259342401579
SVN,2009,14.528298097753687
SVN,2010,14.532658892600047
SVN,2011,14.534736219623344
SVN,2012,14.536836462682349
SVN,2013,14.538193724971505
SVN,2014,14.539177244190956
SVN,2015,14.539929151081072
SVN,2016,14.540661123153487
SVN,2017,14.541312713545977
SVN,2018,14.544938557497325
SVN,2019,14.551901597960658
SVN,2020,14.558599144522308
SVN,2021,14.561287664222007
SVN,2022,14.563181908009335
SVN,2023,14.567144075838945
SWE,1980,15.933034063707149
SWE,1981,15.934233267700726
SWE,1982,15.93480518492337
SWE,1983,15.9352579209699
SWE,1984,15.93616661711715
SWE,1985,15.937818323303489
SWE,1986,15.940144012149434
SWE,1987,15.943480801063707
SWE,1988,15.948076784761444
SWE,1989,15.954748613968281
SWE,1990,15.962474640724892
SWE,1991,15.969291071900967
SWE,1992,15.975156371188579
SWE,1993,15.9809647593316
SWE,1994,15.988071813947796
SWE,1995,15.993318853363334
SWE,1996,15.994910324169162
SWE,1997,15.995482946203392
SWE,1998,15.996038067425516
SWE,1999,15.996817338934218
SWE,2000,15.998423093779971
SWE,2001,16.001107799059515
SWE,2002,16.00436217973655
SWE,2003,16.00808310916454
SWE,2004,16.012016099078117
SWE,2005,16.01601552670619
SWE,2006,16.02164036577101
SWE,2007,16.029055890917263
SWE,2008,16.036846223824966
SWE,2009,16.045365267954335
SWE,2010,16.053890514241985
SWE,2011,16.06144201557864
SWE,2012,16.068839648302987
SWE,2013,16.07731313482545
SWE,2014,16.08723533211137
SWE,2015,16.097809878966537
SWE,2016,16.110374418817567
SWE,2017,16.12384886941319
SWE,2018,16.135465321012795
SWE,2019,16.145602543647346
SWE,2020,16.152829582776178
SWE,2021,16.158835498104573
SWE,2022,16.165641326787558
SWE,2023,16.170368505420207
USA,1980,19.24145127396911
USA,1981,19.251265428341704
USA,1982,19.26079860400334
USA,1983,19.269942389137093
USA,1984,19.27860056250019
USA,1985,19.2874618529087
USA,1986,19.29670349447929
USA,1987,19.30564178648961
USA,1988,19.314721776891286
USA,1989,19.324165832445573
USA,1990,19.33546233765013
USA,1991,19.34882494505751
USA,1992,19.362693801982303
USA,1993,19.375880601980075
USA,1994,19.38814356286876
USA,1995,19.40005143377778
USA,1996,19.411685549977598
USA,1997,19.423725152947725
USA,1998,19.435382298211984
USA,1999,19.44686569868489
USA,2000,19.45799338865284
USA,2001,19.46789080247508
USA,2002,19.47716877733218
USA,2003,19.485763594460593
USA,2004,19.495018434150026
USA,2005,19.504235565821638
USA,2006,19.513878104993
USA,2007,19.523388657420725
USA,2008,19.53284731029355
USA,2009,19.54161382328158
USA,2010,19.5500751219399
USA,2011,19.557999065271545
USA,2012,19.56598289428526
USA,2013,19.573548495119628
USA,2014,19.581508733097717
USA,2015,19.589487780231543
USA,2016,19.597344035088433
USA,2017,19.60427309761435
USA,2018,19.610137428365576
USA,2019,19.61528851391572
USA,2020,19.619372789583306
USA,2021,19.62094596367282
USA,2022,19.626703408877766
USA,2023,19.635018340755135
